scope,key,where,keep_exactly,en,nl,fr,de,es,it,en-US,sv
_shared,alt.agents,Shared across the four welcome emails | alt.agents,,Three Helloprint print experts,Drie Helloprint-printexperts,Trois experts en impression Helloprint,Drei Helloprint-Druckexperten,Tres expertos en impresión de Helloprint,Tre esperti di stampa Helloprint,,
_shared,alt.cs_agents,Shared across the four welcome emails | alt.cs_agents,,Three Helloprint customer service agents,Drie Helloprint-klantenservicemedewerkers,Trois conseillers du service client Helloprint,Drei Helloprint-Kundenservicemitarbeiter,Tres agentes de atención al cliente de Helloprint,Tre operatori del servizio clienti Helloprint,,Tre kundtjänstmedarbetare på Helloprint
_shared,alt.stars,Shared across the four welcome emails | alt.stars,,5 out of 5 on Trustpilot,5 uit 5 op Trustpilot,5 sur 5 sur Trustpilot,5 von 5 auf Trustpilot,5 de 5 en Trustpilot,5 su 5 su Trustpilot,,5 av 5 på Trustpilot
_shared,band.goodtoknow,Shared across the four welcome emails | band.goodtoknow,,GOOD TO KNOW,GOED OM TE WETEN,BON À SAVOIR,GUT ZU WISSEN,CONVIENE SABER,DA SAPERE,,
_shared,band.reviews,Shared across the four welcome emails | band.reviews,,WHAT CUSTOMERS SAY,WAT KLANTEN ZEGGEN,CE QUE DISENT NOS CLIENTS,WAS KUNDEN SAGEN,LO QUE DICEN LOS CLIENTES,COSA DICONO I CLIENTI,,
_shared,bk.added,Shared across the four welcome emails | bk.added,,Added at checkout,Toegevoegd bij het afrekenen,Ajouté au paiement,Beim Bezahlen hinzugefügt,Añadido al finalizar la compra,Aggiunto al pagamento,,
_shared,bk.note,Shared across the four welcome emails | bk.note,,Delivery and VAT are confirmed at checkout.,Verzending en btw worden bij het afrekenen bevestigd.,La livraison et la TVA sont confirmées au moment du paiement.,Versand und Steuer werden beim Bezahlen bestätigt.,El envío y el IVA se confirman al finalizar la compra.,Spedizione e IVA vengono confermate al pagamento.,,
_shared,bk.qty,Shared across the four welcome emails | bk.qty,,Quantity,Aantal,Quantité,Menge,Cantidad,Quantità,,
_shared,bk.saved,Shared across the four welcome emails | bk.saved,,Saved for you,Voor je bewaard,Conservé pour vous,Für Sie gespeichert,Guardado para ti,Salvato per te,,
_shared,bk.service,Shared across the four welcome emails | bk.service,,Additional service,Aanvullende service,Service supplémentaire,Zusätzliche Leistung,Servicio adicional,Servizio aggiuntivo,,
_shared,bk.total,Shared across the four welcome emails | bk.total,,Total,Totaal,Total,Gesamt,Total,Totale,,
_shared,bk.your_basket,Shared across the four welcome emails | bk.your_basket,,Your basket,Je mandje,Votre panier,Ihr Warenkorb,Tu cesta,Il tuo carrello,,
_shared,br.back,Shared across the four welcome emails | br.back,,Back to your product,Terug naar je product,Retour à votre produit,Zurück zu Ihrem Produkt,Volver a tu producto,Torna al tuo prodotto,,
_shared,br.jobtitle,Shared across the four welcome emails | br.jobtitle,,YOUR PRINT JOB,JOUW DRUKOPDRACHT,VOTRE TRAVAIL D'IMPRESSION,IHR DRUCKAUFTRAG,TU TRABAJO DE IMPRESIÓN,IL TUO LAVORO DI STAMPA,,
_shared,br.reply,Shared across the four welcome emails | br.reply,,Or just reply to this email and a person will pick it up.,"Of antwoord gewoon op deze mail, dan pakt iemand het op.",Ou répondez simplement à cet e-mail et quelqu'un s'en occupera.,"Oder antworten Sie einfach auf diese E-Mail, dann kümmert sich jemand darum.",O responde a este correo y alguien se ocupará.,Oppure rispondi a questa email e qualcuno se ne occuperà.,,
_shared,br.view,Shared across the four welcome emails | br.view,,View product,Bekijk product,Voir le produit,Produkt ansehen,Ver producto,Vedi il prodotto,,
_shared,cta.back_prod,Shared across the four welcome emails | cta.back_prod,,Back to your product,Terug naar je product,Retour à votre produit,Zurück zu Ihrem Produkt,Volver a tu producto,Torna al tuo prodotto,,
_shared,cta.browse_range,Shared across the four welcome emails | cta.browse_range,,Browse the full range,Bekijk het hele assortiment,Voir tout le catalogue,Das ganze Sortiment ansehen,Ver todo el catálogo,Guarda tutto il catalogo,,Se hela sortimentet
_shared,cta.quote,Shared across the four welcome emails | cta.quote,,Request a quote,Vraag een offerte aan,Demander un devis,Angebot anfordern,Solicita un presupuesto,Richiedi un preventivo,,
_shared,cta.see_range,Shared across the four welcome emails | cta.see_range,,See the range,Bekijk het assortiment,Voir la gamme,Zum Sortiment,Ver la gama,Scopri la gamma,,
_shared,cta.view_prod,Shared across the four welcome emails | cta.view_prod,,View product,Bekijk product,Voir le produit,Produkt ansehen,Ver producto,Vedi prodotto,,
_shared,foot.unsub,Shared across the four welcome emails | unsubscribe link label,,Unsubscribe,Afmelden,Se désabonner,Abmelden,Darse de baja,Annulla iscrizione,,Avregistrera
_shared,foot.vat,Shared across the four welcome emails | foot.vat,,VAT,BTW-nr.,TVA,USt-IdNr.,NIF-IVA,P. IVA,,Momsnr.
_shared,greet_named,Shared across the four welcome emails | greet_named,,"Hi {{ first_name }},","Hoi {{ first_name }},","Bonjour {{ first_name }},","Hallo {{ first_name }},",Hola {{ first_name }}:,"Ciao {{ first_name }},",,
_shared,greet_plain,Shared across the four welcome emails | greet_plain,,"Hi there,","Hoi,","Bonjour,","Hallo,",Hola:,"Ciao,",,
_shared,help.body,Shared across the four welcome emails | help.body,,"Tell a print expert what the job is for and they will tell you which option fits, what it costs and how quickly it can be with you. Reply to this email and it reaches them.","Vertel een printexpert waarvoor het is, dan hoor je welke optie past, wat het kost en hoe snel je het in huis hebt. Antwoord op deze mail en je bericht komt bij hen terecht.","Dites à un expert à quoi ça doit servir, il vous dira quelle option convient, ce que ça coûte et sous quel délai vous l'avez. Répondez à cet e-mail, ça arrive directement chez eux.","Sagen Sie einem Druckexperten, wofür es gedacht ist – Sie hören, welche Option passt, was sie kostet und wie schnell sie bei Ihnen ist. Antworten Sie einfach auf diese E-Mail, sie landet direkt beim Team.","Cuéntale a un experto para qué es y te dirá qué opción encaja, cuánto cuesta y en cuánto tiempo lo tienes. Responde a este correo y le llega directamente.","Racconta a un esperto a cosa ti serve e ti dirà quale opzione va bene, quanto costa e in quanto tempo lo hai. Rispondi a questa mail e arriva direttamente a loro.",,"Berätta för en tryckexpert vad det ska användas till, så får du veta vilket alternativ som passar, vad det kostar och hur snabbt du har det hemma. Svara på det här mejlet, då når det dem."
_shared,help.body_short,Shared across the four welcome emails | help.body_short,,Tell a print expert what the job is for and they will tell you which option fits and what it costs. Reply to this email and it reaches them.,"Vertel een printexpert waarvoor het is, dan hoor je welke optie past en wat het kost. Antwoord op deze mail en je bericht komt bij hen terecht.","Dites à un expert à quoi ça doit servir, il vous dira quelle option convient et ce que ça coûte. Répondez à cet e-mail, ça arrive directement chez eux.","Sagen Sie einem Druckexperten, wofür es gedacht ist – Sie hören, welche Option passt und was sie kostet. Antworten Sie einfach auf diese E-Mail, sie landet direkt beim Team.",Cuéntale a un experto para qué es y te dirá qué opción encaja y cuánto cuesta. Responde a este correo y le llega directamente.,Racconta a un esperto a cosa ti serve e ti dirà quale opzione va bene e quanto costa. Rispondi a questa mail e arriva direttamente a loro.,,"Berätta för en tryckexpert vad det ska användas till, så får du veta vilket alternativ som passar och vad det kostar. Svara på det här mejlet, då når det dem."
_shared,help.centre,Shared across the four welcome emails | help.centre,,Help Centre,Helpcentrum,Centre d'aide,Hilfe-Center,Centro de ayuda,Centro assistenza,,Hjälpcenter
_shared,help.chat,Shared across the four welcome emails | help.chat,,Chat with us,Chat met ons,Discuter avec nous,Schreiben Sie uns im Chat,Chatea con nosotros,Scrivici in chat,,Chatta med oss
_shared,help.email,Shared across the four welcome emails | help.email,,E-mail us,Mail ons,Écrivez-nous,Schreiben Sie uns,Escríbenos,Scrivici,,
_shared,help.email_short,Shared across the four welcome emails | help.email_short,,E-mail,E-mail,E-mail,E-Mail,Correo,E-mail,,Mejl
_shared,help.email_us,Shared across the four welcome emails | help.email_us,,E-mail us,Mail ons,Écrivez-nous,Schreiben Sie uns,Escríbenos,Scrivici,,
_shared,help.title,Shared across the four welcome emails | help.title,,Not sure which one you need?,Weet je niet welke je nodig hebt?,Vous ne savez pas lequel choisir ?,"Nicht sicher, was Sie brauchen?",¿No sabes cuál necesitas?,Non sai quale ti serve?,,
_shared,help.title_short,Shared across the four welcome emails | help.title_short,,Not sure what you need?,Weet je niet wat je nodig hebt?,Vous ne savez pas quoi choisir ?,"Nicht sicher, was Sie brauchen?",¿No sabes qué necesitas?,Non sai cosa ti serve?,,Vet du inte vad du behöver?
_shared,offer.code_label,Shared across the four welcome emails | offer.code_label,,YOUR CODE,JOUW CODE,VOTRE CODE,IHR CODE,TU CÓDIGO,IL TUO CODICE,,DIN KOD
_shared,offer.cta,Shared across the four welcome emails | offer.cta,,Start your next order,Begin je volgende bestelling,Lancez votre prochaine commande,Starten Sie Ihre nächste Bestellung,Empieza tu próximo pedido,Inizia il tuo prossimo ordine,,
_shared,offer.expiry,Shared across the four welcome emails | offer.expiry,&middot;,%d%% off your next order &middot; expires %d days after this email,%d%% korting op je volgende bestelling &middot; verloopt %d dagen na deze mail,%d%% de remise sur votre prochaine commande &middot; expire %d jours après cet e-mail,%d%% Rabatt auf Ihre nächste Bestellung &middot; läuft %d Tage nach dieser E-Mail ab,%d%% de descuento en tu próximo pedido &middot; caduca %d días después de este correo,%d%% di sconto sul prossimo ordine &middot; scade %d giorni dopo questa email,,
_shared,offer.terms,Shared across the four welcome emails | offer.terms,,One use per customer.,Eén keer te gebruiken per klant.,Une utilisation par client.,Einmal pro Kunde einlösbar.,Un uso por cliente.,Un utilizzo per cliente.,,Gäller en gång per kund.
_shared,ord.and_save,Shared across the four welcome emails | ord.and_save,, and save at least {amt}, en bespaar minstens {amt}, et économisez au moins {amt}, und sparen Sie mindestens {amt}, y ahorra al menos {amt}, e risparmia almeno {amt},,
_shared,ord.ask,Shared across the four welcome emails | ord.ask,,Ask a print expert,Vraag een printexpert,Demander à un expert,Einen Druckexperten fragen,Pregunta a un experto,Chiedi a un esperto,,
_shared,ord.at_checkout,Shared across the four welcome emails | ord.at_checkout,,at checkout,bij het afrekenen,lors du paiement,beim Bezahlen,al pagar,al momento del pagamento,,i kassan
_shared,ord.at_least_off,Shared across the four welcome emails | ord.at_least_off,,That is at least {amt} off.,Dat is minstens {amt} korting.,Cela fait au moins {amt} de remise.,Das sind mindestens {amt} Rabatt.,Eso son al menos {amt} de descuento.,Sono almeno {amt} di sconto.,,
_shared,ord.basket,Shared across the four welcome emails | ord.basket,,YOUR BASKET,JOUW WINKELWAGEN,VOTRE PANIER,IHR WARENKORB,TU CESTA,IL TUO CARRELLO,,
_shared,ord.code_runs_out,Shared across the four welcome emails | ord.code_runs_out,,The code runs out in {h} hours,De code verloopt over {h} uur,Le code expire dans {h} heures,Der Code läuft in {h} Stunden ab,El código caduca en {h} horas,Il codice scade tra {h} ore,,
_shared,ord.comes_off_10,Shared across the four welcome emails | ord.comes_off_10,10%,Your 10% comes off at checkout.,Je 10% gaat er bij het afrekenen af.,Vos 10% s'appliquent au paiement.,Ihre 10% werden beim Checkout abgezogen.,Tu 10% se aplica en el pago.,Il tuo 10% viene applicato al checkout.,,
_shared,ord.comes_off_25,Shared across the four welcome emails | ord.comes_off_25,25%,Your 25% comes off at checkout.,Je 25% gaat er bij het afrekenen af.,Vos 25% s'appliquent au paiement.,Ihre 25% werden beim Checkout abgezogen.,Tu 25% se aplica en el pago.,Il tuo 25% viene applicato al checkout.,,
_shared,ord.ends_in_h,Shared across the four welcome emails | ord.ends_in_h,&middot; &nbsp;,&middot; ends in {h}&nbsp;hours,&middot; verloopt over {h}&nbsp;uur,&middot; expire dans {h}&nbsp;heures,&middot; läuft in {h}&nbsp;Stunden ab,&middot; caduca en {h}&nbsp;horas,&middot; scade tra {h}&nbsp;ore,,
_shared,ord.finish,Shared across the four welcome emails | ord.finish,,Finish the job,Maak het af,Terminer la commande,Auftrag abschließen,Termina el pedido,Completa l'ordine,,
_shared,ord.nothing_charged,Shared across the four welcome emails | ord.nothing_charged,,Nothing is charged until you confirm,Er wordt niets afgeschreven totdat je bevestigt,Rien n'est débité tant que vous n'avez pas confirmé,"Es wird nichts abgebucht, bis Sie bestätigen",No se cobra nada hasta que confirmas,Non viene addebitato nulla finché non confermi,,
_shared,ord.off25_next_h,Shared across the four welcome emails | ord.off25_next_h,&nbsp; 25%,"25% off, for the next {h}&nbsp;hours","25% korting, de komende {h}&nbsp;uur","25% de remise, pendant les {h}&nbsp;prochaines heures","25% Rabatt, für die nächsten {h}&nbsp;Stunden","25% de descuento, durante las próximas {h}&nbsp;horas","25% di sconto, per le prossime {h}&nbsp;ore",,
_shared,ord.or_expert,Shared across the four welcome emails | ord.or_expert,,or speak to a print expert,of spreek een printexpert,ou parlez à un expert en impression,oder sprechen Sie mit einem Druckexperten,o habla con un experto en impresión,oppure parla con un esperto di stampa,,
_shared,ord.reply,Shared across the four welcome emails | ord.reply,,Or reply to this email and a print expert will pick it up.,"Of antwoord op deze mail, dan pakt een printexpert het op.",Ou répondez à cet e-mail et un expert s'en occupera.,"Oder antworten Sie auf diese E-Mail, dann übernimmt ein Druckexperte.",O responde a este correo y un experto se ocupará.,Oppure rispondi a questa email e un esperto se ne occuperà.,,
_shared,ord.return,Shared across the four welcome emails | ord.return,,Return to checkout,Terug naar afrekenen,Retour au paiement,Zurück zur Kasse,Volver al pago,Torna al pagamento,,
_shared,ord.role,Shared across the four welcome emails | ord.role,,PRINT EXPERT TEAM,PRINTEXPERT-TEAM,ÉQUIPE D'EXPERTS EN IMPRESSION,DRUCKEXPERTEN-TEAM,EQUIPO DE EXPERTOS EN IMPRESIÓN,TEAM ESPERTI DI STAMPA,,
_shared,ord.saved_either,Shared across the four welcome emails | ord.saved_either,,"Your basket stays saved either way. It is the discount that expires, not the order.","Je winkelwagen blijft hoe dan ook bewaard. Het is de korting die verloopt, niet de bestelling.","Votre panier reste conservé dans tous les cas. C'est la remise qui expire, pas la commande.","Ihr Warenkorb bleibt in jedem Fall gespeichert. Es läuft der Rabatt ab, nicht die Bestellung.","Tu cesta se queda guardada en cualquier caso. Lo que caduca es el descuento, no el pedido.","Il tuo carrello resta salvato in ogni caso. È lo sconto che scade, non l'ordine.",,
_shared,ord.still,Shared across the four welcome emails | ord.still,,STILL IN YOUR BASKET,NOG IN JE WINKELWAGEN,TOUJOURS DANS VOTRE PANIER,NOCH IN IHREM WARENKORB,TODAVÍA EN TU CESTA,ANCORA NEL TUO CARRELLO,,
_shared,ord.stuck,Shared across the four welcome emails | ord.stuck,,Stuck on something?,Loop je ergens op vast?,Vous bloquez sur quelque chose ?,Hängen Sie irgendwo fest?,¿Te has atascado con algo?,Ti sei bloccato su qualcosa?,,
_shared,ord.use_code,Shared across the four welcome emails | ord.use_code,,Use code,Gebruik code,Utilisez le code,Code verwenden,Usa el código,Usa il codice,,
_shared,ord.worth_at_least,Shared across the four welcome emails | ord.worth_at_least,&middot;,Worth at least {amt} on this basket &middot; ,Minstens {amt} waard op dit mandje &middot; ,Vaut au moins {amt} sur ce panier &middot; ,Mindestens {amt} wert auf diesen Warenkorb &middot; ,Vale al menos {amt} en esta cesta &middot; ,Vale almeno {amt} su questo carrello &middot; ,,
_shared,prod.design_check,Shared across the four welcome emails | prod.design_check,,Premium Design Check,Premium ontwerpcontrole,Contrôle de fichier Premium,Premium-Designprüfung,Revisión de diseño Premium,Controllo file Premium,,
_shared,px.exvat,Shared across the four welcome emails | px.exvat,,excl. VAT and delivery,excl. btw en verzending,hors TVA et livraison,zzgl. MwSt. und Versand,IVA y envío no incluidos,IVA e spedizione esclusi,,
_shared,px.exvat_note,Shared across the four welcome emails | px.exvat_note,,Prices exclude VAT and delivery.,Prijzen zijn excl. btw en verzending.,Prix hors TVA et livraison.,Preise zzgl. MwSt. und Versand.,Los precios no incluyen IVA ni envío.,I prezzi non includono IVA e spedizione.,Prices exclude sales tax and shipping.,Priser exkl. moms och frakt.
_shared,px.for_qty,Shared across the four welcome emails | px.for_qty,,for {n} units,voor {n} stuks,pour {n} unités,für {n} Stück,para {n} unidades,per {n} pezzi,,för {n} st
_shared,px.from,Shared across the four welcome emails | px.from,,From,Vanaf,À partir de,Ab,Desde,Da,,Från
_shared,rev.by,Shared across the four welcome emails | rev.by,,verified Trustpilot review,geverifieerde Trustpilot-review,avis Trustpilot vérifié,verifizierte Trustpilot-Bewertung,opinión verificada de Trustpilot,recensione Trustpilot verificata,,verifierat Trustpilot-omdöme
_shared,review.cta,Shared across the four welcome emails | review.cta,,Rate your experience,Beoordeel je ervaring,Donnez votre avis,Bewerten Sie Ihre Erfahrung,Valora tu experiencia,Lascia la tua opinione,,
_shared,review.outof,Shared across the four welcome emails | review.outof,,out of 5 on Trustpilot,uit 5 op Trustpilot,sur 5 sur Trustpilot,von 5 auf Trustpilot,de 5 en Trustpilot,su 5 su Trustpilot,,av 5 på Trustpilot
_shared,review.score,Shared across the four welcome emails | review.score,,Rated {score} out of 5 from {total}+ reviews on Trustpilot.,Beoordeeld met {score} uit 5 op basis van {total}+ reviews op Trustpilot.,Note de {score} sur 5 sur {total}+ avis Trustpilot.,Bewertet mit {score} von 5 aus {total}+ Bewertungen auf Trustpilot.,Valorado con {score} sobre 5 a partir de {total}+ opiniones en Trustpilot.,Valutato {score} su 5 su {total}+ recensioni su Trustpilot.,,
_shared,review.stars_label,Shared across the four welcome emails | review.stars_label,,Rate your experience on Trustpilot,Beoordeel je ervaring op Trustpilot,Donnez votre avis sur Trustpilot,Bewerten Sie Ihre Erfahrung auf Trustpilot,Valora tu experiencia en Trustpilot,Lascia la tua opinione su Trustpilot,,
_shared,review.verified,Shared across the four welcome emails | review.verified,,Verified Trustpilot review,Geverifieerde Trustpilot-review,Avis Trustpilot vérifié,Verifizierte Trustpilot-Bewertung,Opinión verificada de Trustpilot,Recensione Trustpilot verificata,,
_shared,tp.alt,Shared across the four welcome emails | tp.alt,,Rated 4.5 out of 5 on Trustpilot,"Beoordeeld met 4,5 uit 5 op Trustpilot","Noté 4,5 sur 5 sur Trustpilot","Bewertet mit 4,5 von 5 auf Trustpilot","Valorado con 4,5 sobre 5 en Trustpilot","Valutato 4,5 su 5 su Trustpilot",,"Betygsatt 4,5 av 5 på Trustpilot"
_shared,tp.alt_stars,Shared across the four welcome emails | tp.alt_stars,,Rated 4.5 out of 5 stars on Trustpilot,"Beoordeeld met 4,5 van de 5 sterren op Trustpilot","Noté 4,5 étoiles sur 5 sur Trustpilot","Bewertet mit 4,5 von 5 Sternen auf Trustpilot","Valorado con 4,5 de 5 estrellas en Trustpilot","Valutato 4,5 stelle su 5 su Trustpilot",,"Betygsatt 4,5 av 5 stjärnor på Trustpilot"
_shared,tp.score_line,Shared across the four welcome emails | tp.score_line,,<em>4.5</em> out of 5 on Trustpilot,"<em>4,5</em> uit 5 op Trustpilot","<em>4,5</em> sur 5 sur Trustpilot","<em>4,5</em> von 5 auf Trustpilot","<em>4,5</em> de 5 en Trustpilot","<em>4,5</em> su 5 su Trustpilot",,"<em>4,5</em> av 5 på Trustpilot"
_shared,tp.verified_line,Shared across the four welcome emails | tp.verified_line,&middot;,"Verified Trustpilot review &middot; 4.5 out of 5 from 34,000+","Geverifieerde Trustpilot-review &middot; 4,5 uit 5 op basis van 34.000+","Avis Trustpilot vérifié &middot; 4,5 sur 5 sur 34 000+","Verifizierte Trustpilot-Bewertung &middot; 4,5 von 5 aus 34.000+","Opinión verificada de Trustpilot &middot; 4,5 sobre 5 de 34.000+","Recensione Trustpilot verificata &middot; 4,5 su 5 su 34.000+",,
_shared,wb.best,Shared across the four welcome emails | wb.best,,"Best,","Groet,","Bien à vous,","Viele Grüße,","Un saludo,","A presto,",,
_shared,wb.fast_b,Shared across the four welcome emails | wb.fast_b,,"Not everything has to take a week. A lot of what we print carries a Next Day Delivery badge, so if your date is tight there is usually a way to make it. If you cannot see it on the product, ask us and we will tell you what can still land in time.","Niet alles hoeft een week te duren. Veel van wat wij drukken heeft een Next Day Delivery-label, dus als je datum krap is, is er meestal een manier. Zie je het niet bij het product staan, vraag het ons en wij zeggen wat het nog op tijd haalt.","Tout n'a pas besoin d'une semaine. Beaucoup de nos produits portent un badge Next Day Delivery : si votre date est serrée, il y a souvent une solution. Si vous ne le voyez pas sur le produit, demandez-nous et nous vous dirons ce qui peut encore arriver à temps.","Nicht alles muss eine Woche dauern. Vieles, was wir drucken, trägt ein Next Day Delivery-Kennzeichen, bei knappen Terminen geht also meistens etwas. Wenn Sie es beim Produkt nicht sehen, fragen Sie uns, dann sagen wir Ihnen, was noch rechtzeitig ankommt.","No todo tiene que tardar una semana. Mucho de lo que imprimimos lleva la etiqueta Next Day Delivery, así que si tu fecha va justa suele haber una forma. Si no la ves en el producto, pregúntanos y te decimos qué llega todavía a tiempo.","Non tutto deve richiedere una settimana. Molto di ciò che stampiamo ha un badge Next Day Delivery, quindi se la data è stretta di solito una via c'è. Se non lo vedi sul prodotto, chiedicelo e ti diciamo cosa arriva ancora in tempo.",,
_shared,wb.fast_cta,Shared across the four welcome emails | wb.fast_cta,,See what ships next day,Bekijk wat morgen geleverd wordt,Voir ce qui part en 24 h,"Sehen, was morgen geliefert wird",Ver qué se envía al día siguiente,Vedi cosa spedisce il giorno dopo,,
_shared,wb.fast_h,Shared across the four welcome emails | wb.fast_h,&rsquo;,In a hurry? We&rsquo;ve got your back,Haast? Wij regelen het,Pressé ? On s'en occupe,Eilig? Wir kriegen das hin,¿Con prisa? Te cubrimos,Di fretta? Ci pensiamo noi,,
_shared,wb.grid_h2,Shared across the four welcome emails | wb.grid_h2,,Where to pick up,Waar je verder kunt,Par où reprendre,Wo Sie weitermachen,Por dónde seguir,Da dove riprendere,,
_shared,wb.grid_h3,Shared across the four welcome emails | wb.grid_h3,,A few worth picking up,Een paar om mee te beginnen,Quelques-uns à retenir,"Ein paar, die sich lohnen",Unos cuantos que merecen la pena,Qualcuno che vale la pena,,
_shared,wb.grid_sub2,Shared across the four welcome emails | wb.grid_sub2,,"No prices here on purpose. A starting point, not a shelf.","Bewust geen prijzen. Een startpunt, geen schap.","Pas de prix ici, volontairement. Un point de départ, pas un rayon.","Bewusst ohne Preise. Ein Ausgangspunkt, kein Regal.","Sin precios a propósito. Un punto de partida, no un estante.","Niente prezzi, di proposito. Un punto di partenza, non uno scaffale.",,
_shared,wb.grid_sub3,Shared across the four welcome emails | wb.grid_sub3,,Three we would put in front of you first. No prices attached.,Drie die wij je als eerste zouden laten zien. Zonder prijzen.,Trois que nous vous montrerions en premier. Sans prix.,"Drei, die wir Ihnen zuerst zeigen würden. Ohne Preise.",Tres que te enseñaríamos primero. Sin precios.,Tre che ti mostreremmo per primi. Senza prezzi.,,
_shared,wb.sig_role,Shared across the four welcome emails | wb.sig_role,,PRINT EXPERT TEAM,PRINTEXPERT-TEAM,ÉQUIPE D'EXPERTS EN IMPRESSION,DRUCKEXPERTEN-TEAM,EQUIPO DE EXPERTOS EN IMPRESIÓN,TEAM ESPERTI DI STAMPA,,
_shared,wb.team_alt,Shared across the four welcome emails | wb.team_alt,,"Three of the team at their desks, on headsets",Drie teamleden aan hun bureau met een headset op,"Trois membres de l'équipe à leur bureau, avec un casque",Drei aus dem Team an ihren Schreibtischen mit Headset,"Tres del equipo en sus escritorios, con auriculares","Tre del team alle loro scrivanie, con le cuffie",,
_shared,wb.team_b,Shared across the four welcome emails | wb.team_b,,"Print experts who see jobs like yours every day. If you have a campaign to plan, a size you are not sure about, or a job you have never printed before, send them a message and one of them will come back to you.","Printexperts die dagelijks opdrachten als die van jou zien. Heb je een campagne te plannen, twijfel je over een formaat, of gaat het om iets dat je nog nooit hebt laten drukken? Stuur ze een bericht en een van hen komt bij je terug.","Des experts qui voient des travaux comme le vôtre tous les jours. Une campagne à préparer, un format dont vous doutez, ou un travail que vous n'avez jamais imprimé : écrivez-leur et l'un d'eux vous répondra.","Druckexperten, die täglich Aufträge wie Ihren sehen. Wenn Sie eine Kampagne planen, bei einem Format unsicher sind oder etwas drucken, das Sie noch nie gedruckt haben: Schreiben Sie ihnen, einer meldet sich zurück.","Expertos en impresión que ven trabajos como el tuyo todos los días. Si tienes una campaña que planificar, dudas con un tamaño o es algo que nunca has impreso, escríbeles y uno de ellos te responderá.","Esperti di stampa che vedono lavori come il tuo ogni giorno. Se hai una campagna da pianificare, un formato su cui hai dubbi o un lavoro che non hai mai stampato, scrivi loro e uno ti risponderà.",,
_shared,wb.team_cta,Shared across the four welcome emails | wb.team_cta,,Ping the team a message,Stuur het team een bericht,Envoyez un message à l'équipe,Schreiben Sie dem Team,Envía un mensaje al equipo,Manda un messaggio al team,,
_shared,wb.team_eyebrow,Shared across the four welcome emails | wb.team_eyebrow,,THE PRINT EXPERT TEAM,HET PRINTEXPERT-TEAM,L'ÉQUIPE D'EXPERTS EN IMPRESSION,DAS DRUCKEXPERTEN-TEAM,EL EQUIPO DE EXPERTOS EN IMPRESIÓN,IL TEAM DI ESPERTI DI STAMPA,,
_shared,wb.team_h,Shared across the four welcome emails | wb.team_h,,There is a team behind the website,Achter de website zit een team,Il y a une équipe derrière le site,Hinter der Website steht ein Team,Detrás de la web hay un equipo,Dietro il sito c'è una squadra,,
_shared,wb.unsub_label,Shared across the four welcome emails | wb.unsub_label,,just say the word,zeg het gerust,dites-le simplement,sagen Sie einfach Bescheid,dilo sin más,basta dirlo,,
_shared,wb.unsub_sentence,Shared across the four welcome emails | wb.unsub_sentence,,"And if you would rather not hear from me again, ","En als je liever niets meer van me hoort, ","Et si vous préférez ne plus avoir de mes nouvelles, ","Und wenn Sie lieber nichts mehr von mir hören möchten, ","Y si prefieres no saber más de mí, ","E se preferisci non sentirmi più, ",,
_shared,wc.discount,Shared across the four welcome emails | green bar at the top,10%,Your 10% welcome discount,Je welkomstkorting van 10%,Vos 10% de bienvenue,Ihre 10% zum Start,Tu 10% de bienvenida,Il tuo 10% di benvenuto,,Din välkomstrabatt på 10 %
_shared,wc.expires5,"Shared across the four welcome emails | green bar, validity",&middot; &nbsp;,&nbsp;&middot;&nbsp;Valid only 5 days,&nbsp;&middot;&nbsp;Slechts 5 dagen geldig,&nbsp;&middot;&nbsp;Valable 5 jours seulement,&nbsp;&middot;&nbsp;Nur 5 Tage gültig,&nbsp;&middot;&nbsp;Solo 5 días,&nbsp;&middot;&nbsp;Valido solo 5 giorni,,&nbsp;&middot;&nbsp;Giltig i bara 5 dagar
_shared,wc.help,Shared across the four welcome emails | wc.help,,Do you need help?,Kunnen we je helpen?,Besoin d'un coup de main ?,Können wir helfen?,¿Te echamos una mano?,Possiamo darti una mano?,,Kan vi hjälpa till?
_shared,wc.ordered_line,Shared across the four welcome emails | wc.ordered_line,,"Thanks for your order. Here is what we are, in short.",Bedankt voor je bestelling. Hier is in het kort wie we zijn.,Merci pour votre commande. Voici en bref qui nous sommes.,"Danke für Ihre Bestellung. Hier kurz, wer wir sind.","Gracias por tu pedido. Esto es, en resumen, quiénes somos.",Grazie per il tuo ordine. Ecco in breve chi siamo.,,
_shared,wc.pre_nocode,Shared across the four welcome emails | wc.pre_nocode,,"The prints most businesses start with, and the people behind them.","Waar de meeste bedrijven mee beginnen, en de mensen erachter.","Ce que la plupart des entreprises commandent en premier, et qui le fabrique.",Damit fangen die meisten Unternehmen an – und das sind die Menschen dahinter.,"Con esto empiezan la mayoría de las empresas, y esta es la gente detrás.","Da qui partono la maggior parte delle aziende, e queste sono le persone dietro.",,"Det som de flesta företag börjar med, och folket bakom."
_shared,wc.sectsub_nocode,Shared across the four welcome emails | wc.sectsub_nocode,,Pick one and see what it comes to.,Kies er één en bekijk meteen de prijs.,Choisissez et voyez tout de suite le prix.,Eins aussuchen und direkt den Preis sehen.,Elige uno y mira el precio al momento.,Scegline uno e guarda subito il prezzo.,,Välj en och se priset direkt.
_shared,wc.terms,"Shared across the four welcome emails | offer conditions, small print in the footer",10% @@CAP@@,"Offer terms: 10% off your first order, up to @@CAP@@ maximum discount. One use per customer. The code expires 5 days after you sign up. It cannot be combined with other codes, is not valid on bespoke quotes, and applies to products only, excluding services and delivery.","Voorwaarden: 10% korting op je eerste order, maximaal @@CAP@@ korting. Eén keer per klant. De code verloopt 5 dagen na je aanmelding. Niet te combineren met andere codes, niet geldig op maatwerkaanvragen, en geldt alleen op producten, niet op diensten en bezorging.","Conditions : 10% sur votre première commande, remise maximale de @@CAP@@. Une utilisation par client. Le code expire 5 jours après votre inscription. Non cumulable avec d'autres codes, non valable sur les devis sur mesure, et applicable aux produits uniquement, hors services et livraison.","Bedingungen: 10% auf Ihre erste Bestellung, maximal @@CAP@@ Rabatt. Eine Verwendung pro Kunde. Der Code läuft 5 Tage nach Ihrer Anmeldung ab. Nicht mit anderen Codes kombinierbar, nicht gültig für individuelle Angebote, und gilt nur für Produkte, ausgenommen Dienstleistungen und Versand.","Condiciones: 10% en tu primer pedido, con un descuento máximo de @@CAP@@. Un uso por cliente. El código caduca 5 días después de tu registro. No se puede combinar con otros códigos, no es válido en presupuestos personalizados y se aplica solo a productos, excluyendo servicios y envío.","Condizioni: 10% sul tuo primo ordine, sconto massimo di @@CAP@@. Un utilizzo per cliente. Il codice scade 5 giorni dopo la registrazione. Non cumulabile con altri codici, non valido su preventivi personalizzati, e si applica solo ai prodotti, esclusi servizi e spedizione.",,"Villkor: 10 % rabatt på din första order, max @@CAP@@ i rabatt. Gäller en gång per kund. Koden går ut 5 dagar efter att du anmält dig. Den kan inte kombineras med andra koder, gäller inte offerter på specialjobb och gäller bara produkter – inte tjänster eller frakt."
_shared,wc.waiting,Shared across the four welcome emails | green bar at the top,10%,Your 10% is still waiting,Je 10% staat nog klaar,Vos 10% vous attendent toujours,Ihre 10% warten noch,Tu 10% sigue esperando,Il tuo 10% ti aspetta ancora,,Dina 10 % väntar fortfarande
_shared,xs.also,Shared across the four welcome emails | xs.also,,You might also need,Dit heb je misschien ook nodig,Vous pourriez aussi avoir besoin de,Das brauchen Sie vielleicht auch,También podrías necesitar,Potrebbe servirti anche,,
_shared,xs.sizes,Shared across the four welcome emails | xs.sizes,,Other sizes and folds,Andere formaten en vouwen,Autres formats et pliages,Andere Formate und Falzungen,Otros tamaños y plegados,Altri formati e pieghe,,
account-01,acct,account-01 | acct,,Go to your account,Naar je account,Accéder à votre compte,Zu Ihrem Konto,Ir a tu cuenta,Vai al tuo account,,
account-01,h1,account-01 | main headline,,Your Helloprint account is ready,Je Helloprint-account is klaar,Votre compte Helloprint est prêt,Ihr Helloprint-Konto ist bereit,Tu cuenta de Helloprint está lista,Il tuo account Helloprint è pronto,,
account-01,offb,account-01 | offb,10% @@CAP@@,"This is the only email we are allowed to send you. Subscribe and your code arrives within minutes: 10% off your first order, up to @@CAP@@, valid 5 days.","Dit is de enige e-mail die we je mogen sturen. Meld je aan en je code komt binnen enkele minuten: 10% korting op je eerste bestelling, tot @@CAP@@, 5 dagen geldig.","C'est le seul e-mail que nous sommes autorisés à vous envoyer. Inscrivez-vous et votre code arrive en quelques minutes : 10% sur votre première commande, jusqu'à @@CAP@@, valable 5 jours.","Das ist die einzige E-Mail, die wir Ihnen senden dürfen. Melden Sie sich an und Ihr Code kommt innerhalb von Minuten: 10% auf Ihre erste Bestellung, bis zu @@CAP@@, 5 Tage gültig.","Este es el único correo que podemos enviarte. Suscríbete y tu código llega en minutos: 10% en tu primer pedido, hasta @@CAP@@, válido 5 días.","Questa è la sola email che possiamo inviarti. Iscriviti e il tuo codice arriva in pochi minuti: 10% sul tuo primo ordine, fino a @@CAP@@, valido 5 giorni.",,
account-01,offcta,account-01 | offcta,10%,"Yes, send me my 10%","Ja, stuur mij mijn 10%","Oui, envoyez-moi mes 10%","Ja, senden Sie mir meine 10%","Sí, envíame mi 10%","Sì, inviami il mio 10%",,
account-01,offeyebrow,account-01 | offeyebrow,,LAST CHANCE,LAATSTE KANS,DERNIÈRE CHANCE,LETZTE CHANCE,ÚLTIMA OPORTUNIDAD,ULTIMA OCCASIONE,,
account-01,offsmall,account-01 | offsmall,,One per customer. You can unsubscribe again at any time.,Eén per klant. Je kunt je altijd weer afmelden.,Un par client. Vous pouvez vous désinscrire à tout moment.,Einer pro Kunde. Sie können sich jederzeit wieder abmelden.,Uno por cliente. Puedes darte de baja en cualquier momento.,Uno per cliente. Puoi disiscriverti in qualsiasi momento.,,
account-01,offt,account-01 | offt,10%,You are missing 10% off your first order,Je mist 10% korting op je eerste bestelling,Vous passez à côté de 10% sur votre première commande,Ihnen entgehen 10% auf Ihre erste Bestellung,Te estás perdiendo un 10% en tu primer pedido,Ti stai perdendo il 10% sul tuo primo ordine,,
account-01,pre,account-01 | hidden preheader - the inbox snippet,,Your account is ready. Here is where everything lives.,Je account is klaar. Hier vind je alles terug.,Votre compte est prêt. Voici où tout se trouve.,Ihr Konto ist bereit. Hier finden Sie alles wieder.,Tu cuenta está lista. Aquí encuentras todo.,Il tuo account è pronto. Qui trovi tutto.,,
account-01,s1b,account-01 | s1b,,You can order first and upload later. Every file gets an automatic check at no cost before it goes on press.,Je kunt eerst bestellen en later uploaden. Elk bestand krijgt gratis een automatische controle voordat het op de pers gaat.,Vous pouvez commander d'abord et envoyer le fichier ensuite. Chaque fichier reçoit une vérification automatique gratuite avant l'impression.,Sie können zuerst bestellen und die Datei später hochladen. Jede Datei wird vor dem Druck kostenlos automatisch geprüft.,Puedes pedir primero y subir el archivo después. Cada archivo recibe una revisión automática gratuita antes de imprimir.,Puoi ordinare prima e caricare il file dopo. Ogni file riceve un controllo automatico gratuito prima della stampa.,,
account-01,s1t,account-01 | s1t,,Send your artwork whenever it is ready,Stuur je bestand wanneer het klaar is,Envoyez votre fichier quand il est prêt,"Senden Sie Ihre Datei, sobald sie fertig ist",Envía tu archivo cuando esté listo,Invia il tuo file quando è pronto,,
account-01,s2b,account-01 | s2b,,"An odd size, a tight deadline or a large run. Our quotation team comes back within 24 hours.","Een afwijkend formaat, een krappe deadline of een grote oplage. Ons calculatieteam reageert binnen 24 uur.","Un format inhabituel, un délai serré ou un grand tirage. Notre équipe devis répond sous 24 heures.","Ein ungewöhnliches Format, ein knapper Termin oder eine große Auflage. Unser Angebotsteam antwortet innerhalb von 24 Stunden.","Un formato poco habitual, un plazo ajustado o una tirada grande. Nuestro equipo de presupuestos responde en 24 horas.","Un formato insolito, una scadenza stretta o una tiratura grande. Il nostro team preventivi risponde entro 24 ore.",,
account-01,s2t,account-01 | s2t,,Ask for a price on anything unusual,Vraag een prijs voor iets afwijkends,Demandez un prix pour tout ce qui sort de l'ordinaire,Fragen Sie nach einem Preis für alles Ungewöhnliche,Pide un precio para cualquier cosa fuera de lo común,Chiedi un prezzo per qualsiasi cosa insolita,,
account-01,s3b,account-01 | s3b,,"Over 10,000 products, printed by local partners and delivered with the price you saw.","Meer dan 10.000 producten, gedrukt door lokale partners en geleverd voor de prijs die je zag.","Plus de 10 000 produits, imprimés par des partenaires locaux et livrés au prix affiché.","Über 10.000 Produkte, gedruckt von lokalen Partnern und geliefert zum gezeigten Preis.","Más de 10.000 productos, impresos por socios locales y entregados al precio que viste.","Oltre 10.000 prodotti, stampati da partner locali e consegnati al prezzo che hai visto.",,
account-01,s3t,account-01 | s3t,,See what we print,Bekijk wat we drukken,Découvrez ce que nous imprimons,"Sehen Sie, was wir drucken",Mira lo que imprimimos,Guarda cosa stampiamo,,
account-01,sub,account-01 | line under the headline,,"You can order, track a job and pick up a quote from one place. Here is what is in there.","Je kunt bestellen, een opdracht volgen en een offerte oppakken vanaf één plek. Dit zit erin.","Vous pouvez commander, suivre un travail et retrouver un devis au même endroit. Voici ce qui s'y trouve.","Sie können bestellen, einen Auftrag verfolgen und ein Angebot abrufen - alles an einem Ort. Das erwartet Sie.","Puedes pedir, seguir un trabajo y recuperar un presupuesto desde un solo sitio. Esto es lo que hay.","Puoi ordinare, seguire un lavoro e recuperare un preventivo da un unico posto. Ecco cosa c'è.",,
account-01,subject,account-01 | subject,,Your Helloprint account is ready,Je Helloprint-account is klaar,Votre compte Helloprint est prêt,Ihr Helloprint-Konto ist bereit,Tu cuenta de Helloprint está lista,Il tuo account Helloprint è pronto,,
account-01,whyb,account-01 | whyb,,This is a one-off service message confirming the Helloprint account you created. It is not a marketing email and you will not receive another unless you subscribe.,"Dit is een eenmalig servicebericht over het Helloprint-account dat je hebt aangemaakt. Het is geen marketingmail en je ontvangt er geen volgende, tenzij je je aanmeldt.","Ceci est un message de service unique confirmant le compte Helloprint que vous avez créé. Ce n'est pas un e-mail marketing et vous n'en recevrez pas d'autre, sauf si vous vous inscrivez.","Dies ist eine einmalige Servicenachricht zu dem von Ihnen erstellten Helloprint-Konto. Es ist keine Marketing-E-Mail, und Sie erhalten keine weitere, sofern Sie sich nicht anmelden.",Este es un mensaje de servicio único que confirma la cuenta de Helloprint que creaste. No es un correo de marketing y no recibirás otro salvo que te suscribas.,"Questo è un messaggio di servizio una tantum che conferma l'account Helloprint che hai creato. Non è un'email di marketing e non ne riceverai altre, a meno che tu non ti iscriva.",,
account-01,whyt,account-01 | whyt,,Why you received this,Waarom je dit ontvangt,Pourquoi vous recevez ceci,Warum Sie das erhalten,Por qué recibes esto,Perché ricevi questa email,,
browse-01,cta,"Browse 1 - +1h, the product you viewed | button",,Continue on the product page,Ga verder op de productpagina,Continuer sur la page produit,Weiter auf der Produktseite,Continúa en la página del producto,Continua sulla pagina del prodotto,,
browse-01,eyebrow,"Browse 1 - +1h, the product you viewed | small green line above the headline",,STILL AVAILABLE,NOG BESCHIKBAAR,TOUJOURS DISPONIBLE,WEITERHIN VERFÜGBAR,SIGUE DISPONIBLE,ANCORA DISPONIBILE,,
browse-01,h1,"Browse 1 - +1h, the product you viewed | main headline",,Still thinking it over?,Nog aan het twijfelen?,Vous hésitez encore ?,Noch am Überlegen?,¿Sigues dándole vueltas?,Ci stai ancora pensando?,,
browse-01,pre,"Browse 1 - +1h, the product you viewed | hidden preheader - the inbox snippet",,Still available at the same starting price. Change the spec and the price moves with it.,Nog steeds beschikbaar voor dezelfde vanafprijs. Pas de specificatie aan en de prijs beweegt mee.,Toujours disponible au même prix de départ. Changez les options et le prix suit.,"Weiterhin zum selben Startpreis verfügbar. Ändern Sie die Ausführung, und der Preis geht mit.",Sigue disponible al mismo precio de partida. Cambia las opciones y el precio va con ellas.,Ancora disponibile allo stesso prezzo di partenza. Cambia le opzioni e il prezzo si adegua.,,
browse-01,qa.0.a,"Browse 1 - +1h, the product you viewed | qa.0.a",,"Send whatever you have, even a rough version. Our designers will tell you what will not print well and fix it before it goes on press.","Stuur wat je hebt, ook een ruwe versie. Onze ontwerpers zeggen wat niet goed zal drukken en lossen het op voordat het op de pers gaat.","Envoyez ce que vous avez, même une version approximative. Nos graphistes vous diront ce qui s'imprimera mal et le corrigeront avant le tirage.","Schicken Sie, was Sie haben, auch eine grobe Fassung. Unsere Designer sagen Ihnen, was nicht gut druckt, und beheben es vor dem Druck.","Envía lo que tengas, aunque sea una versión en bruto. Nuestros diseñadores te dirán qué no va a imprimir bien y lo arreglarán antes de entrar en máquina.","Mandaci quello che hai, anche una versione grezza. I nostri designer ti diranno cosa non verrà bene in stampa e lo sistemeranno prima di andare in macchina.",,
browse-01,qa.0.q,"Browse 1 - +1h, the product you viewed | qa.0.q",,Artwork not finished?,Ontwerp nog niet af?,Votre visuel n'est pas terminé ?,Druckdatei noch nicht fertig?,¿El diseño no está terminado?,Il file non è finito?,,
browse-01,qa.1.a,"Browse 1 - +1h, the product you viewed | qa.1.a",,Our print experts spec jobs like this all day. Describe the job and they will come back with what is possible and what it costs.,Onze printexperts specificeren dit soort opdrachten de hele dag. Beschrijf de opdracht en zij komen terug met wat kan en wat het kost.,Nos experts en impression traitent ce genre de travaux toute la journée. Décrivez le vôtre et ils reviendront avec ce qui est possible et ce que ça coûte.,"Unsere Druckexperten kalkulieren solche Aufträge den ganzen Tag. Beschreiben Sie den Auftrag, dann melden sie sich mit dem, was möglich ist und was es kostet.",Nuestros expertos en impresión definen trabajos así todo el día. Describe el tuyo y volverán con lo que es posible y cuánto cuesta.,I nostri esperti di stampa definiscono lavori così tutto il giorno. Descrivi il lavoro e torneranno con cosa è possibile e quanto costa.,,
browse-01,qa.1.q,"Browse 1 - +1h, the product you viewed | qa.1.q",,"Odd size, tight deadline, unusual finish?","Afwijkend formaat, krappe deadline, bijzondere afwerking?","Format inhabituel, délai serré, finition particulière ?","Ungewöhnliches Format, knapper Termin, besondere Veredelung?","¿Tamaño raro, plazo ajustado, acabado poco común?","Formato insolito, scadenza stretta, finitura particolare?",,
browse-01,qa.2.a,"Browse 1 - +1h, the product you viewed | qa.2.a",,"We will put it in a written quote showing the full total, VAT and delivery included, so you have one number to forward for sign-off.","Wij zetten het in een schriftelijke offerte met het complete totaal, inclusief btw en verzending, zodat je één bedrag kunt doorsturen ter goedkeuring.","Nous le mettons dans un devis écrit avec le total complet, TVA et livraison comprises, pour que vous n'ayez qu'un chiffre à transmettre pour validation.","Wir setzen es in ein schriftliches Angebot mit der vollständigen Summe inklusive Steuer und Versand, damit Sie eine Zahl zur Freigabe weiterleiten können.","Lo ponemos en un presupuesto por escrito con el total completo, IVA y envío incluidos, para que tengas una sola cifra que reenviar para su aprobación.","Lo mettiamo in un preventivo scritto con il totale completo, IVA e spedizione incluse, così hai un solo numero da inoltrare per l'approvazione.",,
browse-01,qa.2.q,"Browse 1 - +1h, the product you viewed | qa.2.q",,Someone else has to approve it?,Moet iemand anders het goedkeuren?,Quelqu'un doit valider ?,Muss jemand anders zustimmen?,¿Tiene que aprobarlo otra persona?,Deve approvarlo qualcun altro?,,
browse-01,reviews_note,"Browse 1 - +1h, the product you viewed | under the Trustpilot stars",,"Based on 34,000+ reviews",Op basis van 34.000+ reviews,Sur la base de 34 000+ avis,Auf Basis von 34.000+ Bewertungen,A partir de 34.000+ opiniones,Sulla base di 34.000+ recensioni,,
browse-01,sect2_h,"Browse 1 - +1h, the product you viewed | sect2_h",,Questions before you order?,Vragen voor je bestelt?,Des questions avant de commander ?,Fragen vor der Bestellung?,¿Dudas antes de pedir?,Domande prima di ordinare?,,
browse-01,sect_h,"Browse 1 - +1h, the product you viewed | section heading",,Not ready to order yet?,Nog niet klaar om te bestellen?,Pas encore prêt à commander ?,Noch nicht bereit zu bestellen?,¿Todavía no listo para pedir?,Non ancora pronto a ordinare?,,
browse-01,sect_sub,"Browse 1 - +1h, the product you viewed | line under the section heading",,There is someone here for each of these.,Voor elk van deze dingen zit hier iemand klaar.,"Pour chacun de ces cas, il y a quelqu'un ici.",Für jeden dieser Fälle sitzt hier jemand.,Para cada una de estas cosas hay alguien aquí.,Per ognuna di queste cose qui c'è qualcuno.,,
browse-01,sub,"Browse 1 - +1h, the product you viewed | line under the headline",,"Nothing has changed since you looked. Pick up where you left off, or change the spec and see what it comes to.","Er is niets veranderd sinds je keek. Ga verder waar je gebleven was, of pas de specificatie aan en kijk wat het wordt.","Rien n'a changé depuis votre visite. Reprenez où vous en étiez, ou modifiez les options et voyez ce que ça donne.","Seit Ihrem Besuch hat sich nichts geändert. Machen Sie da weiter, wo Sie aufgehört haben, oder ändern Sie die Ausführung und sehen Sie, was dabei herauskommt.","No ha cambiado nada desde que lo miraste. Retoma donde lo dejaste, o cambia las opciones y mira en qué queda.","Non è cambiato nulla da quando l'hai guardato. Riprendi da dove eri rimasto, oppure cambia le opzioni e guarda quanto viene.",,
browse-01,xsell_h,"Browse 1 - +1h, the product you viewed | xsell_h",,Other sizes and folds,Andere formaten en vouwen,Autres formats et pliages,Andere Formate und Falzungen,Otros tamaños y plegados,Altri formati e pieghe,,
browse-02,alt_checking,"Browse 2 - +24h, you do not need the artwork yet | alt_checking",,Helloprint colleagues checking customer print files on screen,Helloprint-collega's die drukbestanden van klanten op het scherm controleren,Des collègues Helloprint vérifiant des fichiers clients à l'écran,Helloprint-Kollegen prüfen Kundendruckdaten am Bildschirm,Compañeros de Helloprint revisando archivos de clientes en pantalla,Colleghi Helloprint che controllano i file dei clienti a schermo,,
browse-02,ask_h,"Browse 2 - +24h, you do not need the artwork yet | ask_h",,Rather just ask someone?,Vraag je het liever gewoon aan iemand?,Vous préférez simplement demander ?,Lieber einfach jemanden fragen?,¿Prefieres preguntar a alguien?,Preferisci semplicemente chiedere?,,
browse-02,ask_how,"Browse 2 - +24h, you do not need the artwork yet | ask_how",,How the design check works,Hoe de ontwerpcontrole werkt,Comment fonctionne la vérification,Wie der Dateicheck funktioniert,Cómo funciona la revisión,Come funziona il controllo,,
browse-02,ask_mail,"Browse 2 - +24h, you do not need the artwork yet | ask_mail",,E-mail us your file,Mail ons je bestand,Envoyez-nous votre fichier,Schicken Sie uns Ihre Datei,Envíanos tu archivo,Mandaci il tuo file,,
browse-02,check.0,"Browse 2 - +24h, you do not need the artwork yet | check.0",,Nothing important gets cut off at the edges,Er valt niets belangrijks weg aan de randen,Rien d'important n'est coupé sur les bords,An den Rändern geht nichts Wichtiges verloren,No se corta nada importante en los bordes,Ai bordi non si perde niente di importante,,
browse-02,check.1,"Browse 2 - +24h, you do not need the artwork yet | check.1",,"Photos and logos come out sharp, not fuzzy","Foto's en logo's komen scherp uit de pers, niet wazig","Photos et logos ressortent nets, pas flous","Fotos und Logos kommen scharf heraus, nicht unscharf","Las fotos y los logos salen nítidos, no borrosos","Foto e loghi vengono nitidi, non sfocati",,
browse-02,check.2,"Browse 2 - +24h, you do not need the artwork yet | check.2",,Colours print the way you expect them to,Kleuren drukken zoals je verwacht,Les couleurs s'impriment comme vous l'attendez,"Farben drucken so, wie Sie es erwarten",Los colores salen como esperas,I colori vengono come te li aspetti,,
browse-02,check.3,"Browse 2 - +24h, you do not need the artwork yet | check.3",,"If something looks wrong, you hear from us first","Ziet iets er niet goed uit, dan hoor je het eerst van ons","Si quelque chose cloche, vous l'apprenez de nous d'abord","Wenn etwas nicht stimmt, hören Sie es zuerst von uns","Si algo no cuadra, lo sabes por nosotros primero","Se qualcosa non va, lo senti prima da noi",,
browse-02,check_body,"Browse 2 - +24h, you do not need the artwork yet | check_body",,"Every file gets an automatic check at no cost. For a little extra at checkout, one of our print experts goes through it by hand as well.",Elk bestand krijgt gratis een automatische controle. Voor een kleine meerprijs bij het afrekenen loopt een van onze printexperts het er ook nog met de hand doorheen.,"Chaque fichier passe un contrôle automatique gratuit. Pour un petit supplément au paiement, un de nos experts en impression le vérifie aussi à la main.",Jede Datei wird kostenlos automatisch geprüft. Für einen kleinen Aufpreis beim Checkout geht zusätzlich einer unserer Druckexperten sie von Hand durch.,"Cada archivo pasa una revisión automática sin coste. Por un pequeño extra en el pago, uno de nuestros expertos en impresión también lo revisa a mano.","Ogni file passa un controllo automatico gratuito. Con un piccolo extra al checkout, uno dei nostri esperti di stampa lo controlla anche a mano.",,
browse-02,checks_h,"Browse 2 - +24h, you do not need the artwork yet | checks_h",,We look at every file before it prints,Wij bekijken elk bestand voordat het gedrukt wordt,Nous regardons chaque fichier avant impression,Wir sehen uns jede Datei vor dem Druck an,Miramos cada archivo antes de imprimirlo,Guardiamo ogni file prima di stamparlo,,
browse-02,checks_sub,"Browse 2 - +24h, you do not need the artwork yet | checks_sub",,So the thing that arrives is the thing you pictured.,Zodat wat er aankomt is wat je voor ogen had.,Pour que ce qui arrive soit ce que vous aviez en tête.,"Damit das, was ankommt, dem entspricht, was Sie sich vorgestellt haben.",Para que lo que llega sea lo que tenías en mente.,Così quello che arriva è quello che avevi in mente.,,
browse-02,design_body,"Browse 2 - +24h, you do not need the artwork yet | design_body",,"Send us the file, or a rough idea of what you want, and a designer will tell you what is needed before you commit to anything.","Stuur ons het bestand, of een ruw idee van wat je wilt, en een designer vertelt je wat er nodig is voordat je je ergens aan vastlegt.","Envoyez-nous le fichier, ou juste une idée de ce que vous voulez, et un graphiste vous dira ce qu'il faut avant que vous ne vous engagiez.","Schicken Sie uns die Datei oder eine grobe Idee, und ein Designer sagt Ihnen, was nötig ist, bevor Sie sich festlegen.","Envíanos el archivo, o una idea aproximada de lo que quieres, y un diseñador te dirá qué hace falta antes de que te comprometas a nada.","Mandaci il file, o anche solo un'idea di massima, e un designer ti dirà cosa serve prima che tu ti impegni.",,
browse-02,eyebrow,"Browse 2 - +24h, you do not need the artwork yet | small green line above the headline",,ARTWORK,ONTWERP,VISUEL,DRUCKDATEI,DISEÑO,FILE,,
browse-02,get_ones,"Browse 2 - +24h, you do not need the artwork yet | get_ones",,Get the ones for {p},Haal die voor {p},Obtenir ceux pour {p},Die passenden für {p} holen,Consíguelas para {p},Prendi quelli per {p},,
browse-02,h1,"Browse 2 - +24h, you do not need the artwork yet | main headline",,You do not need the finished artwork yet,Je hebt het definitieve ontwerp nog niet nodig,Vous n'avez pas encore besoin du visuel définitif,Sie brauchen die fertige Datei noch nicht,Todavía no necesitas el diseño definitivo,Non ti serve ancora il file definitivo,,
browse-02,pre,"Browse 2 - +24h, you do not need the artwork yet | hidden preheader - the inbox snippet",,Order now and send your file later. Nothing goes on press until it has been checked.,Bestel nu en stuur je bestand later. Er gaat niets op de pers voordat het is gecontroleerd.,Commandez maintenant et envoyez votre fichier plus tard. Rien ne part en impression avant vérification.,"Jetzt bestellen und die Datei später schicken. Nichts geht in den Druck, bevor es geprüft wurde.",Pide ahora y envía tu archivo después. Nada entra en máquina sin haberse revisado.,Ordina ora e manda il file dopo. Niente va in stampa prima di essere controllato.,,
browse-02,premium.0,"Browse 2 - +24h, you do not need the artwork yet | premium.0",,"A print expert reviews it, not just software","Een printexpert kijkt ernaar, niet alleen software","Un expert en impression le relit, pas seulement un logiciel","Ein Druckexperte prüft sie, nicht nur eine Software","Lo revisa un experto en impresión, no solo un software","Lo rivede un esperto di stampa, non solo un software",,
browse-02,premium.1,"Browse 2 - +24h, you do not need the artwork yet | premium.1",,We contact you before printing if anything looks off,Wij nemen contact op voor het drukken als iets niet klopt,Nous vous contactons avant impression si quelque chose cloche,"Wir melden uns vor dem Druck, wenn etwas nicht stimmt",Te contactamos antes de imprimir si algo no cuadra,Ti contattiamo prima di stampare se qualcosa non va,,
browse-02,premium.2,"Browse 2 - +24h, you do not need the artwork yet | premium.2",100%,Backed by our 100% Satisfaction Guarantee,Met onze 100% Tevredenheidsgarantie,Couvert par notre garantie satisfaction 100%,Abgesichert durch unsere 100% Zufriedenheitsgarantie,Con nuestra Garantía de Satisfacción del 100%,Con la nostra Garanzia di Soddisfazione 100%,,
browse-02,premium_eyebrow,"Browse 2 - +24h, you do not need the artwork yet | premium_eyebrow",,PREMIUM DESIGN CHECK,PREMIUM ONTWERPCONTROLE,VÉRIFICATION PREMIUM DU VISUEL,PREMIUM-DATEICHECK,REVISIÓN PREMIUM DEL DISEÑO,CONTROLLO PREMIUM DEL FILE,,
browse-02,premium_h,"Browse 2 - +24h, you do not need the artwork yet | premium_h",,Want a person to check it as well?,Wil je dat er ook iemand naar kijkt?,Vous voulez qu'une personne le vérifie aussi ?,Soll auch ein Mensch draufschauen?,¿Quieres que además lo revise una persona?,Vuoi che lo controlli anche una persona?,,
browse-02,premium_sub,"Browse 2 - +24h, you do not need the artwork yet | premium_sub",,Eight out of ten customers add it. Reprinting a job costs many times more than the check does.,Acht op de tien klanten nemen het erbij. Opnieuw drukken kost een veelvoud van wat de controle kost.,Huit clients sur dix l'ajoutent. Réimprimer coûte bien plus cher que la vérification.,Acht von zehn Kunden nehmen ihn dazu. Ein Nachdruck kostet ein Vielfaches des Checks.,Ocho de cada diez clientes lo añaden. Reimprimir cuesta muchas veces más que la revisión.,Otto clienti su dieci lo aggiungono. Ristampare costa molte volte più del controllo.,,
browse-02,route.0.b,"Browse 2 - +24h, you do not need the artwork yet | route.0.b",,Add to cart now and send your files after checkout.,Leg nu in je winkelwagen en stuur je bestanden na het afrekenen.,Ajoutez au panier maintenant et envoyez vos fichiers après la commande.,Jetzt in den Warenkorb legen und die Dateien nach der Bestellung schicken.,Añádelo al carrito ahora y envía los archivos después de pagar.,Aggiungi al carrello ora e manda i file dopo il pagamento.,,
browse-02,route.0.t,"Browse 2 - +24h, you do not need the artwork yet | route.0.t",,Upload later,Later uploaden,Envoyer plus tard,Später hochladen,Subir después,Carica dopo,,
browse-02,route.1.b,"Browse 2 - +24h, you do not need the artwork yet | route.1.b",,"Customise it in our editor, with a live preview.","Pas het aan in onze editor, met een live voorbeeld.","Personnalisez-le dans notre éditeur, avec un aperçu en direct.","Passen Sie es in unserem Editor an, mit Live-Vorschau.","Personalízalo en nuestro editor, con vista previa en directo.","Personalizzalo nel nostro editor, con anteprima dal vivo.",,
browse-02,route.1.t,"Browse 2 - +24h, you do not need the artwork yet | route.1.t",,Design online,Online ontwerpen,Créer en ligne,Online gestalten,Diseñar online,Progetta online,,
browse-02,route.2.b,"Browse 2 - +24h, you do not need the artwork yet | route.2.b",,"You have print-ready files, or your own designer.","Je hebt drukklare bestanden, of je eigen ontwerper.","Vous avez des fichiers prêts à imprimer, ou votre propre graphiste.",Sie haben druckfertige Dateien oder einen eigenen Designer.,"Tienes archivos listos para imprimir, o tu propio diseñador.","Hai file pronti per la stampa, o un tuo grafico.",,
browse-02,route.2.t,"Browse 2 - +24h, you do not need the artwork yet | route.2.t",,Upload your design,Je ontwerp uploaden,Envoyer votre visuel,Design hochladen,Sube tu diseño,Carica il tuo file,,
browse-02,sect_h,"Browse 2 - +24h, you do not need the artwork yet | section heading",,Three ways to get us your design,Drie manieren om ons je ontwerp te sturen,Trois façons de nous transmettre votre visuel,"Drei Wege, uns Ihr Design zu schicken",Tres formas de hacernos llegar tu diseño,Tre modi per farci avere il tuo file,,
browse-02,sect_sub,"Browse 2 - +24h, you do not need the artwork yet | line under the section heading",,Pick whichever suits. All three end up in the same place.,Kies wat je uitkomt. Alle drie komen op dezelfde plek uit.,Choisissez ce qui vous arrange. Les trois aboutissent au même endroit.,"Nehmen Sie, was Ihnen passt. Alle drei enden am selben Ort.",Elige lo que te venga bien. Las tres acaban en el mismo sitio.,Scegli quello che ti conviene. Tutti e tre finiscono nello stesso posto.,,
browse-02,sub,"Browse 2 - +24h, you do not need the artwork yet | line under the headline",,Order when you are ready and send your file afterwards. Nothing goes on press until it has been checked.,Bestel wanneer je zover bent en stuur je bestand daarna. Er gaat niets op de pers voordat het is gecontroleerd.,Commandez quand vous êtes prêt et envoyez votre fichier ensuite. Rien ne part en impression avant vérification.,"Bestellen Sie, wenn Sie so weit sind, und schicken Sie die Datei danach. Nichts geht in den Druck, bevor es geprüft wurde.",Pide cuando estés listo y envía el archivo después. Nada entra en máquina sin haberse revisado.,Ordina quando sei pronto e manda il file dopo. Niente va in stampa prima di essere controllato.,,
browse-02,templates,"Browse 2 - +24h, you do not need the artwork yet | templates",,"Every product has templates to download, already the right size.","Bij elk product kun je sjablonen downloaden, al op de juiste maat.","Chaque produit a des gabarits à télécharger, déjà au bon format.","Zu jedem Produkt gibt es Vorlagen zum Herunterladen, bereits im richtigen Format.","Cada producto tiene plantillas para descargar, ya con el tamaño correcto.","Ogni prodotto ha modelli da scaricare, già della misura giusta.",,
browse-03,alt_team,"Browse 3 - +3d, tell us the job and we price it | alt_team",,The Helloprint team who price the unusual jobs,Het Helloprint-team dat de bijzondere klussen prijst,L'équipe Helloprint qui chiffre les travaux hors norme,"Das Helloprint-Team, das die ungewöhnlichen Aufträge kalkuliert",El equipo de Helloprint que presupuesta los trabajos poco habituales,Il team Helloprint che quota i lavori insoliti,,
browse-03,blocked.0.b,"Browse 3 - +3d, tell us the job and we price it | blocked.0.b",,Forty years in the graphic trade sits behind the quote desk. Say what the job has to do and they work out how to make it.,Achter de offertebalie zit veertig jaar ervaring in het grafische vak. Zeg wat de opdracht moet doen en zij bedenken hoe het gemaakt wordt.,Quarante ans de métier dans les arts graphiques se trouvent derrière le service devis. Dites ce que le travail doit faire et ils trouvent comment le réaliser.,"Hinter dem Angebotsteam stehen vierzig Jahre grafisches Gewerbe. Sagen Sie, was der Auftrag leisten muss, dann finden sie den Weg dorthin.",Detrás del equipo de presupuestos hay cuarenta años de oficio gráfico. Di qué tiene que hacer el trabajo y ellos averiguan cómo hacerlo.,Dietro il team preventivi ci sono quarant'anni di mestiere grafico. Di' cosa deve fare il lavoro e trovano loro il modo di realizzarlo.,,
browse-03,blocked.0.t,"Browse 3 - +3d, tell us the job and we price it | blocked.0.t",,The spec is unusual,De specificatie is bijzonder,Le cahier des charges sort de l'ordinaire,Die Ausführung ist ungewöhnlich,Las especificaciones son poco comunes,Le specifiche sono insolite,,
browse-03,blocked.1.b,"Browse 3 - +3d, tell us the job and we price it | blocked.1.b",,"Tell them the date. Most products go out for next-day delivery where possible, and you get a straight answer if it cannot be done.","Geef ze de datum. De meeste producten gaan waar mogelijk de volgende dag de deur uit, en als het niet kan hoor je dat gewoon.","Donnez-leur la date. La plupart des produits partent en livraison le lendemain quand c'est possible, et vous obtenez une réponse franche si ce n'est pas faisable.","Nennen Sie ihnen das Datum. Die meisten Produkte gehen wo möglich mit Lieferung am nächsten Tag raus, und wenn es nicht geht, sagen sie es Ihnen klar.","Diles la fecha. La mayoría de los productos salen con entrega al día siguiente cuando es posible, y si no se puede te lo dicen claro.","Dai loro la data. La maggior parte dei prodotti parte con consegna il giorno dopo quando è possibile, e se non si può te lo dicono chiaramente.",,
browse-03,blocked.1.t,"Browse 3 - +3d, tell us the job and we price it | blocked.1.t",,You need it by a date,Je hebt het op een datum nodig,Vous en avez besoin pour une date,Sie brauchen es zu einem Termin,Lo necesitas para una fecha,Ti serve entro una data,,
browse-03,blocked.2.b,"Browse 3 - +3d, tell us the job and we price it | blocked.2.b",,"A written quote with the full total in it, so there is one number to forward instead of a basket to describe.","Een schriftelijke offerte met het complete totaal erin, zodat je één bedrag kunt doorsturen in plaats van een winkelwagen te moeten uitleggen.","Un devis écrit avec le total complet, pour n'avoir qu'un chiffre à transmettre au lieu d'un panier à décrire.","Ein schriftliches Angebot mit der vollständigen Summe, also eine Zahl zum Weiterleiten statt eines Warenkorbs zum Erklären.","Un presupuesto por escrito con el total completo, así hay una cifra que reenviar en vez de un carrito que describir.","Un preventivo scritto con il totale completo, così c'è un numero da inoltrare invece di un carrello da descrivere.",,
browse-03,blocked.2.t,"Browse 3 - +3d, tell us the job and we price it | blocked.2.t",,Someone has to approve it,Iemand moet het goedkeuren,Quelqu'un doit valider,Jemand muss es freigeben,Alguien tiene que aprobarlo,Qualcuno deve approvarlo,,
browse-03,cta,"Browse 3 - +3d, tell us the job and we price it | button",,Request a quote,Offerte aanvragen,Demander un devis,Angebot anfordern,Pedir presupuesto,Richiedi un preventivo,,
browse-03,eyebrow,"Browse 3 - +3d, tell us the job and we price it | small green line above the headline",,GET A QUOTE,VRAAG EEN OFFERTE,DEMANDER UN DEVIS,ANGEBOT ANFORDERN,PIDE PRESUPUESTO,CHIEDI UN PREVENTIVO,,
browse-03,h1,"Browse 3 - +3d, tell us the job and we price it | main headline",,Tell us the job. We will price it.,Vertel ons de opdracht. Wij prijzen hem.,Dites-nous le travail. Nous le chiffrons.,Sagen Sie uns den Auftrag. Wir kalkulieren ihn.,Cuéntanos el trabajo. Nosotros lo presupuestamos.,Raccontaci il lavoro. Lo quotiamo noi.,,
browse-03,john_body,"Browse 3 - +3d, tell us the job and we price it | john_body",,"That is John in the pink polo up there. He has specced print for over twenty years, and his team handles everything from a straightforward reprint to the jobs other printers turn down. Send them the awkward one.","Dat is John in het roze poloshirt hierboven. Hij specificeert al ruim twintig jaar drukwerk, en zijn team pakt alles op, van een simpele herdruk tot de klussen die andere drukkers afwijzen. Stuur ze gerust de lastige.","C'est John, en polo rose là-haut. Il définit des travaux d'impression depuis plus de vingt ans, et son équipe gère tout, de la simple réimpression aux commandes que d'autres imprimeurs refusent. Envoyez-leur la plus compliquée.","Das ist John im rosa Poloshirt da oben. Er kalkuliert seit über zwanzig Jahren Druckaufträge, und sein Team übernimmt alles, vom einfachen Nachdruck bis zu den Aufträgen, die andere Druckereien ablehnen. Schicken Sie ihnen den kniffligen.","Ese es John, el del polo rosa de arriba. Lleva más de veinte años definiendo trabajos de impresión, y su equipo se ocupa de todo, desde una reimpresión sencilla hasta los encargos que otras imprentas rechazan. Mándales el complicado.","Quello è John, con la polo rosa lì sopra. Definisce lavori di stampa da più di vent'anni, e il suo team gestisce tutto, dalla semplice ristampa ai lavori che altre tipografie rifiutano. Mandategli quello difficile.",,
browse-03,pre,"Browse 3 - +3d, tell us the job and we price it | hidden preheader - the inbox snippet",,Tell the quote desk what the job is. A tailored price back within 24 hours.,Vertel de offertebalie wat de opdracht is. Een prijs op maat binnen 24 uur terug.,Dites au service devis en quoi consiste le travail. Un prix sur mesure sous 24 heures.,"Sagen Sie dem Angebotsteam, worum es geht. Ein Preis auf Maß innerhalb von 24 Stunden.",Cuéntale al equipo de presupuestos cuál es el trabajo. Un precio a medida en 24 horas.,Racconta al team preventivi qual è il lavoro. Un prezzo su misura entro 24 ore.,,
browse-03,quote_body,"Browse 3 - +3d, tell us the job and we price it | quote_body",,A standard run or something nobody has printed before. Either way you get a price within 24 hours and a straight answer on what is possible.,Een standaardoplage of iets wat nog nooit iemand heeft gedrukt. In beide gevallen krijg je binnen 24 uur een prijs en een eerlijk antwoord over wat er kan.,"Un tirage standard ou quelque chose que personne n'a jamais imprimé. Dans les deux cas, vous avez un prix sous 24 heures et une réponse franche sur ce qui est possible.","Eine Standardauflage oder etwas, das noch nie jemand gedruckt hat. In beiden Fällen bekommen Sie innerhalb von 24 Stunden einen Preis und eine klare Antwort, was möglich ist.",Una tirada estándar o algo que nadie ha impreso antes. En cualquier caso tienes un precio en 24 horas y una respuesta clara sobre lo que es posible.,Una tiratura standard o qualcosa che nessuno ha mai stampato. In entrambi i casi hai un prezzo entro 24 ore e una risposta chiara su cosa è possibile.,,
browse-03,sect_h,"Browse 3 - +3d, tell us the job and we price it | section heading",,Three reasons people ask us instead,Drie redenen waarom mensen het ons vragen,Trois raisons pour lesquelles on nous demande,"Drei Gründe, warum man uns fragt",Tres razones por las que nos preguntan,Tre motivi per cui ce lo chiedono,,
browse-03,sect_sub,"Browse 3 - +3d, tell us the job and we price it | line under the section heading",,"If any of these is what stopped you, the page was never going to fix it.","Als een van deze dingen je tegenhield, ging de pagina dat toch niet oplossen.","Si c'est l'une de ces raisons qui vous a arrêté, la page n'allait pas la résoudre.","Wenn Sie einer dieser Punkte aufgehalten hat, konnte die Seite das ohnehin nicht lösen.","Si algo de esto es lo que te frenó, la página no lo iba a resolver.","Se è una di queste cose ad averti fermato, la pagina non l'avrebbe risolta.",,
browse-03,step.0.b,"Browse 3 - +3d, tell us the job and we price it | step.0.b",,"A sketch, a photo of an old print, a spec sheet, or just a sentence. Up to five files.","Een schets, een foto van een oude druk, een specificatieblad, of gewoon één zin. Tot vijf bestanden.","Un croquis, la photo d'un ancien tirage, une fiche technique, ou juste une phrase. Jusqu'à cinq fichiers.","Eine Skizze, ein Foto eines alten Drucks, ein Datenblatt oder einfach ein Satz. Bis zu fünf Dateien.","Un boceto, una foto de una impresión antigua, una ficha técnica, o solo una frase. Hasta cinco archivos.","Uno schizzo, la foto di una vecchia stampa, una scheda tecnica, o solo una frase. Fino a cinque file.",,
browse-03,step.0.t,"Browse 3 - +3d, tell us the job and we price it | step.0.t",,Tell them what you need,Zeg wat je nodig hebt,Dites ce dont vous avez besoin,"Sagen Sie, was Sie brauchen",Di qué necesitas,Di' cosa ti serve,,
browse-03,step.1.b,"Browse 3 - +3d, tell us the job and we price it | step.1.b",,"A tailored price with the full total in it, not a range and not a callback to arrange a call.","Een prijs op maat met het complete totaal erin, geen bandbreedte en geen terugbelverzoek om een gesprek te plannen.","Un prix sur mesure avec le total complet, pas une fourchette ni un rappel pour convenir d'un appel.","Ein Preis auf Maß mit der vollständigen Summe, keine Spanne und kein Rückruf, um ein Gespräch zu vereinbaren.","Un precio a medida con el total completo, no un rango ni una llamada para concertar otra llamada.","Un prezzo su misura con il totale completo, non una forbice e non una richiamata per fissare una chiamata.",,
browse-03,step.1.t,"Browse 3 - +3d, tell us the job and we price it | step.1.t",,They come back within 24 hours,Ze komen binnen 24 uur terug,Ils reviennent sous 24 heures,Sie melden sich innerhalb von 24 Stunden,Vuelven en 24 horas,Ti rispondono entro 24 ore,,
browse-03,step.2.b,"Browse 3 - +3d, tell us the job and we price it | step.2.b",,"Place it yourself, or forward the quote to whoever signs things off.","Plaats hem zelf, of stuur de offerte door naar wie tekent.","Passez la commande vous-même, ou transmettez le devis à la personne qui valide.","Bestellen Sie selbst, oder leiten Sie das Angebot an die Person weiter, die freigibt.","Hazlo tú mismo, o reenvía el presupuesto a quien firma.","Ordinalo tu, oppure inoltra il preventivo a chi approva.",,
browse-03,step.2.t,"Browse 3 - +3d, tell us the job and we price it | step.2.t",,"Order it, or send it on","Bestel het, of stuur het door","Commandez, ou transmettez",Bestellen oder weiterleiten,"Pídelo, o reenvíalo","Ordinalo, o inoltralo",,
browse-03,steps_h,"Browse 3 - +3d, tell us the job and we price it | steps_h",,How a quote works,Hoe een offerte werkt,Comment se passe un devis,Wie ein Angebot abläuft,Cómo funciona un presupuesto,Come funziona un preventivo,,
browse-03,steps_sub,"Browse 3 - +3d, tell us the job and we price it | steps_sub",,"Three steps, no phone call to book.","Drie stappen, geen belafspraak nodig.","Trois étapes, aucun rendez-vous téléphonique à prendre.","Drei Schritte, kein Telefontermin nötig.","Tres pasos, sin llamada que agendar.","Tre passaggi, nessuna telefonata da fissare.",,
browse-03,sub,"Browse 3 - +3d, tell us the job and we price it | line under the headline",,"An odd size, a tight deadline, or a number someone else approves. Our quote desk answers within 24 hours.","Een afwijkend formaat, een krappe deadline, of een bedrag dat iemand anders goedkeurt. Onze offertebalie antwoordt binnen 24 uur.","Un format inhabituel, un délai serré, ou un montant que quelqu'un d'autre doit valider. Notre service devis répond sous 24 heures.","Ein ungewöhnliches Format, ein knapper Termin oder eine Summe, die jemand anders freigibt. Unser Angebotsteam antwortet innerhalb von 24 Stunden.","Un tamaño raro, un plazo ajustado, o una cifra que aprueba otra persona. Nuestro equipo de presupuestos responde en 24 horas.","Un formato insolito, una scadenza stretta, o una cifra che approva qualcun altro. Il nostro team preventivi risponde entro 24 ore.",,
browse-03,team_eyebrow,"Browse 3 - +3d, tell us the job and we price it | team_eyebrow",,PRINT EXPERT TEAM,PRINTEXPERT-TEAM,ÉQUIPE D'EXPERTS EN IMPRESSION,DRUCKEXPERTEN-TEAM,EQUIPO DE EXPERTOS EN IMPRESIÓN,TEAM ESPERTI DI STAMPA,,
browse-03,team_h,"Browse 3 - +3d, tell us the job and we price it | team_h",,Send them the awkward job,Stuur ze de lastige klus,Confiez-leur le travail délicat,Schicken Sie ihnen den kniffligen Auftrag,Mándales el trabajo complicado,Manda loro il lavoro difficile,,
clothing-textiles,alt_brand_bandc,clothing-textiles | alt_brand_bandc,,Two people wearing white printed sweatshirts,Twee mensen in witte bedrukte sweaters,Deux personnes en sweat-shirts blancs imprimés,Zwei Personen in weißen bedruckten Sweatshirts,Dos personas con sudaderas blancas impresas,Due persone con felpe bianche stampate,,
clothing-textiles,alt_brand_iqoniq,clothing-textiles | alt_brand_iqoniq,,Four people wearing coloured printed t-shirts,Vier mensen in gekleurde bedrukte T-shirts,Quatre personnes en t-shirts imprimés colorés,Vier Personen in farbig bedruckten T-Shirts,Cuatro personas con camisetas impresas de colores,Quattro persone con t-shirt stampate colorate,,
clothing-textiles,alt_brand_jackjones,clothing-textiles | alt_brand_jackjones,,Three men wearing denim shirts and jackets,Drie mannen in denim shirts en jassen,Trois hommes en chemises et vestes en denim,Drei Männer in Jeanshemden und -jacken,Tres hombres con camisas y chaquetas de denim,Tre uomini con camicie e giacche in denim,,
clothing-textiles,block.body,clothing-textiles | block.body,,You do not have to order the same size throughout. Send the breakdown you need and we will put it together as one job.,"Je hoeft niet overal dezelfde maat te bestellen. Stuur de verdeling die je nodig hebt, dan zetten wij het als één opdracht klaar.",Vous n'êtes pas obligé de commander la même taille partout. Envoyez la répartition dont vous avez besoin et nous en ferons une seule commande.,"Sie müssen nicht überall dieselbe Größe bestellen. Schicken Sie die Verteilung, die Sie brauchen, dann stellen wir sie als einen Auftrag zusammen.",No tienes que pedir la misma talla para todo. Envía el desglose que necesitas y lo montamos como un solo pedido.,Non devi ordinare la stessa taglia per tutti. Mandaci la distribuzione che ti serve e la mettiamo insieme come un unico ordine.,,
clothing-textiles,block.title,clothing-textiles | block.title,,"Mixed sizes, one order","Gemengde maten, één bestelling","Tailles mélangées, une seule commande","Gemischte Größen, eine Bestellung","Tallas mezcladas, un solo pedido","Taglie miste, un solo ordine",,
clothing-textiles,body.Hoodies & Zip-up Hoodies,clothing-textiles | body.Hoodies & Zip-up Hoodies,,"Heavier than a t-shirt and worn far longer, which is what makes one worth embroidering rather than printing. Zip or pullover, in the size breakdown you actually need.","Zwaarder dan een t-shirt en veel langer gedragen, en juist daarom de moeite waard om te borduren in plaats van te bedrukken. Met rits of over het hoofd, in de matenverdeling die je echt nodig hebt.","Plus épais qu'un t-shirt et porté bien plus longtemps, ce qui vaut la peine d'une broderie plutôt que d'une impression. Zippé ou à enfiler, avec la répartition de tailles dont vous avez vraiment besoin.","Schwerer als ein T-Shirt und viel länger getragen, und genau deshalb eher zum Besticken als zum Bedrucken. Mit Reißverschluss oder zum Überziehen, in der Größenverteilung, die Sie wirklich brauchen.","Más gruesa que una camiseta y se lleva mucho más tiempo, y por eso compensa bordarla en lugar de imprimirla. Con cremallera o cerrada, con el desglose de tallas que de verdad necesitas.","Più pesante di una t-shirt e indossata molto più a lungo, ed è proprio questo che la rende adatta al ricamo più che alla stampa. Con zip o chiusa, nella distribuzione di taglie che ti serve davvero.",,
clothing-textiles,body.T-shirts,clothing-textiles | body.T-shirts,,"Printed or embroidered, in the size breakdown you actually need rather than the same size throughout. Send your logo and we will say which method suits it.","Bedrukt of geborduurd, in de matenverdeling die je echt nodig hebt in plaats van overal dezelfde maat. Stuur je logo en wij zeggen welke methode erbij past.","Imprimés ou brodés, avec la répartition de tailles dont vous avez vraiment besoin plutôt que la même taille partout. Envoyez votre logo et nous vous dirons quelle méthode lui convient.","Bedruckt oder bestickt, in der Größenverteilung, die Sie wirklich brauchen, statt überall dieselbe Größe. Schicken Sie Ihr Logo, dann sagen wir Ihnen, welches Verfahren dazu passt.","Impresas o bordadas, con el desglose de tallas que de verdad necesitas en vez de la misma talla para todos. Envía tu logo y te decimos qué método le encaja.","Stampate o ricamate, con la distribuzione di taglie che ti serve davvero invece della stessa taglia per tutti. Mandaci il logo e ti diciamo quale metodo è adatto.",,
clothing-textiles,brands.eyebrow,clothing-textiles | brands.eyebrow,,BRANDS WE CARRY,MERKEN DIE WIJ VOEREN,LES MARQUES QUE NOUS PROPOSONS,MARKEN IN UNSEREM SORTIMENT,MARCAS QUE TRABAJAMOS,I MARCHI CHE TRATTIAMO,,
clothing-textiles,brands.h,clothing-textiles | brands.h,,Or put it on a brand they already know,Of zet het op een merk dat ze al kennen,Ou posez-le sur une marque qu'ils connaissent déjà,"Oder bringen Sie es auf einer Marke an, die man kennt",O ponlo en una marca que ya conocen,Oppure mettilo su un marchio che già conoscono,,
clothing-textiles,brands.link,clothing-textiles | brands.link,,See all brands,Bekijk alle merken,Voir toutes les marques,Alle Marken ansehen,Ver todas las marcas,Vedi tutti i marchi,,
clothing-textiles,brands.sub,clothing-textiles | brands.sub,,"Not everything has to be a blank. We print on premium garment brands too, from the same file.","Niet alles hoeft blanco te zijn. Wij bedrukken ook premium kledingmerken, vanaf hetzelfde bestand.","Tout n'est pas obligé d'être neutre. Nous imprimons aussi sur des marques de vêtements premium, à partir du même fichier.","Nicht alles muss neutral sein. Wir bedrucken auch Premium-Textilmarken, aus derselben Datei.","No todo tiene que ser sin marca. También imprimimos sobre marcas de ropa premium, desde el mismo archivo.","Non deve essere per forza neutro. Stampiamo anche su marchi di abbigliamento premium, dallo stesso file.",,
clothing-textiles,eyebrow,clothing-textiles | small green line above the headline,&amp;,CLOTHING &amp; TEXTILES,KLEDING &amp; TEXTIEL,VÊTEMENTS &amp; TEXTILE,KLEIDUNG &amp; TEXTILIEN,ROPA &amp; TEXTIL,ABBIGLIAMENTO &amp; TESSUTI,,
clothing-textiles,grid_h,clothing-textiles | grid_h,&amp;,More in Clothing &amp; Textiles,Meer in Kleding &amp; Textiel,Plus en Vêtements &amp; Textile,Mehr in Kleidung &amp; Textilien,Más en Ropa &amp; Textil,Altro in Abbigliamento &amp; Tessuti,,
clothing-textiles,grid_sub,clothing-textiles | grid_sub,,"Two more to put a logo on, in sizes from one upwards.","Nog twee om een logo op te zetten, in aantallen vanaf één.","Deux autres sur lesquels poser un logo, à partir d'une pièce.","Zwei weitere für Ihr Logo, ab einem Stück.","Dos más donde poner un logo, a partir de una unidad.","Altri due su cui mettere un logo, a partire da un pezzo.",,
clothing-textiles,h1,clothing-textiles | main headline,,Kitting out the team?,Team in het nieuw?,Vous équipez l'équipe ?,Team neu einkleiden?,¿Vistiendo al equipo?,Vesti la squadra?,,
clothing-textiles,hero_alt,clothing-textiles | hero_alt,,"A printed hoodie, beanie and shorts laid out on tarmac","Een bedrukte hoodie, muts en short op het asfalt","Un sweat à capuche, un bonnet et un short imprimés posés sur le bitume","Ein bedruckter Hoodie, eine Mütze und eine Shorts auf dem Asphalt","Una sudadera, un gorro y unos pantalones cortos impresos sobre el asfalto","Una felpa, un berretto e dei pantaloncini stampati sull'asfalto",,
clothing-textiles,pre,clothing-textiles | hidden preheader - the inbox snippet,,Shirts and textiles with your logo on them.,Shirts en textiel met je logo erop.,T-shirts et textiles à votre logo.,Shirts und Textilien mit Ihrem Logo.,Camisetas y textil con tu logo.,Magliette e tessuti con il tuo logo.,,
clothing-textiles,sect_h,clothing-textiles | section heading,,Where most team orders start,Waar de meeste teambestellingen beginnen,Par où commencent la plupart des commandes d'équipe,Womit die meisten Team-Bestellungen anfangen,Por dónde empiezan la mayoría de los pedidos de equipo,Da dove parte la maggior parte degli ordini per il team,,
clothing-textiles,sect_sub,clothing-textiles | line under the section heading,,The two we print most when a business kits people out.,De twee die wij het meest bedrukken als een bedrijf mensen in het nieuw steekt.,Les deux que nous imprimons le plus quand une entreprise équipe ses équipes.,"Die zwei, die wir am häufigsten bedrucken, wenn ein Unternehmen sein Team einkleidet.",Los dos que más imprimimos cuando una empresa viste a su gente.,I due che stampiamo di più quando un'azienda veste le persone.,,
clothing-textiles,sub,clothing-textiles | line under the headline,,"Shirts and textiles, with your logo printed or stitched on.","Shirts en textiel, met je logo erop gedrukt of geborduurd.","T-shirts et textiles, avec votre logo imprimé ou brodé.","Shirts und Textilien, mit Ihrem Logo gedruckt oder gestickt.","Camisetas y textil, con tu logo impreso o bordado.","Magliette e tessuti, con il tuo logo stampato o ricamato.",,
commercial-print,block.body,commercial-print | block.body,,"The same artwork can run across flyers, leaflets and posters. Send it once and we will fit it to each size rather than asking you to redo it.","Hetzelfde ontwerp kan op flyers, folders en posters. Stuur het één keer en wij passen het aan elk formaat aan, in plaats van jou te vragen het opnieuw te maken.","Le même visuel peut servir pour les flyers, les dépliants et les affiches. Envoyez-le une fois et nous l'adaptons à chaque format, plutôt que de vous demander de le refaire.","Dasselbe Motiv passt auf Flyer, Falzflyer und Poster. Schicken Sie es einmal, dann passen wir es an jedes Format an, statt Sie darum zu bitten, es neu zu machen.","El mismo diseño sirve para flyers, dípticos y carteles. Envíalo una vez y lo adaptamos a cada formato, en lugar de pedirte que lo rehagas.","Lo stesso file va bene per volantini, pieghevoli e poster. Mandacelo una volta e lo adattiamo a ogni formato, invece di chiederti di rifarlo.",,
commercial-print,block.title,commercial-print | block.title,,"One design, several products","Één ontwerp, meerdere producten","Un seul visuel, plusieurs produits","Ein Design, mehrere Produkte","Un diseño, varios productos","Un solo file, più prodotti",,
commercial-print,body.Booklets & Brochures,commercial-print | body.Booklets & Brochures,,"A catalogue, a programme, a company report. Stapled for something short, bound with a spine for something thicker. Send the pages and we will tell you which binding suits the count.","Een catalogus, een programmaboekje, een jaarverslag. Geniet voor iets dunners, gebonden met een rug voor iets dikkers. Stuur de pagina's en wij zeggen welke binding bij dat aantal past.","Un catalogue, un programme, un rapport d'entreprise. Agrafé pour les petits volumes, relié avec un dos pour les plus épais. Envoyez les pages et nous vous dirons quelle reliure convient au nombre.","Ein Katalog, ein Programmheft, ein Geschäftsbericht. Geheftet für wenige Seiten, mit Rücken gebunden für dickere. Schicken Sie uns die Seiten, dann sagen wir Ihnen, welche Bindung zur Seitenzahl passt.","Un catálogo, un programa, una memoria de empresa. Grapado para lo más fino, encuadernado con lomo para lo más grueso. Envía las páginas y te decimos qué encuadernación encaja con esa cantidad.","Un catalogo, un programma, un bilancio aziendale. Con punto metallico per poche pagine, con dorso per volumi più spessi. Mandaci le pagine e ti diciamo quale rilegatura va bene per quel numero.",,
commercial-print,body.Leaflet Printing & Flyers,commercial-print | body.Leaflet Printing & Flyers,,"Still the cheapest way to put something in somebody's hand. A thousand rarely costs twice what five hundred does, so it is worth pricing the next quantity up before you order.","Nog altijd de goedkoopste manier om iemand iets in handen te geven. Duizend kost zelden het dubbele van vijfhonderd, dus het loont om het volgende aantal even door te rekenen voor je bestelt.",Toujours le moyen le moins cher de mettre quelque chose dans la main de quelqu'un. Mille coûtent rarement le double de cinq cents : ça vaut la peine de regarder le prix de la quantité au-dessus avant de commander.,"Immer noch der günstigste Weg, jemandem etwas in die Hand zu geben. Tausend kosten selten doppelt so viel wie fünfhundert, es lohnt sich also, vor der Bestellung die nächstgrößere Menge durchzurechnen.","Sigue siendo la forma más barata de poner algo en la mano de alguien. Mil rara vez cuestan el doble que quinientos, así que merece la pena mirar el precio de la cantidad siguiente antes de pedir.","È ancora il modo più economico per mettere qualcosa in mano a qualcuno. Mille raramente costano il doppio di cinquecento, quindi conviene guardare il prezzo della quantità successiva prima di ordinare.",,
commercial-print,eyebrow,commercial-print | small green line above the headline,,PROMOTIONAL PRINT,PROMOTIEDRUKWERK,IMPRESSION PROMOTIONNELLE,WERBEDRUCK,IMPRESIÓN PROMOCIONAL,STAMPA PROMOZIONALE,,
commercial-print,grid_h,commercial-print | grid_h,,More ways to advertise it,Meer manieren om het te laten zien,D'autres façons de le faire savoir,"Weitere Wege, es zu bewerben",Más formas de anunciarlo,Altri modi per farlo sapere,,
commercial-print,grid_sub,commercial-print | grid_sub,,"Four more formats, in the quantities businesses actually order.","Nog vier formaten, in de aantallen die bedrijven echt bestellen.","Quatre autres formats, dans les quantités que les entreprises commandent vraiment.","Vier weitere Formate, in den Mengen, die Unternehmen wirklich bestellen.","Cuatro formatos más, en las cantidades que las empresas piden de verdad.","Altri quattro formati, nelle quantità che le aziende ordinano davvero.",,
commercial-print,h1,commercial-print | main headline,,What are you promoting next?,Wat ga je hierna promoten?,Quelle est votre prochaine campagne ?,Was bewerben Sie als Nächstes?,¿Qué vas a promocionar ahora?,Cosa promuovi adesso?,,
commercial-print,hero_alt,commercial-print | hero_alt,,Printed flyers fanned out on a dark green velvet sofa,Bedrukte flyers uitgewaaierd op een donkergroene fluwelen bank,Des flyers imprimés étalés sur un canapé en velours vert foncé,Bedruckte Flyer aufgefächert auf einem dunkelgrünen Samtsofa,Flyers impresos extendidos sobre un sofá de terciopelo verde oscuro,Volantini stampati distesi su un divano di velluto verde scuro,,
commercial-print,pre,commercial-print | hidden preheader - the inbox snippet,,The print that puts your next campaign in front of people.,Het drukwerk dat je volgende campagne onder de ogen van mensen brengt.,Les imprimés qui mettent votre prochaine campagne sous les yeux des gens.,"Die Drucksachen, die Ihre nächste Kampagne vor Augen bringen.",El material impreso que pone tu próxima campaña delante de la gente.,La stampa che mette la tua prossima campagna davanti alle persone.,,
commercial-print,sect_h,commercial-print | section heading,,Where most campaigns start,Waar de meeste campagnes beginnen,Par où commencent la plupart des campagnes,Womit die meisten Kampagnen anfangen,Por dónde empiezan la mayoría de las campañas,Da dove parte la maggior parte delle campagne,,
commercial-print,sect_sub,commercial-print | line under the section heading,,The two formats businesses order most when they have something to advertise.,De twee formaten die bedrijven het meest bestellen als ze iets te vertellen hebben.,Les deux formats que les entreprises commandent le plus quand elles ont quelque chose à annoncer.,"Die zwei Formate, die Unternehmen am häufigsten bestellen, wenn sie etwas zu bewerben haben.",Los dos formatos que más piden las empresas cuando tienen algo que anunciar.,I due formati che le aziende ordinano di più quando hanno qualcosa da pubblicizzare.,,
commercial-print,sub,commercial-print | line under the headline,,"Whatever it is, this is the print that puts it in front of people, and what tends to go with what.","Wat het ook is, dit is het drukwerk dat het onder de ogen van mensen brengt, en wat er meestal bij besteld wordt.","Quoi que ce soit, voici les imprimés qui le mettent sous les yeux des gens, et ce qui va généralement avec.","Was es auch ist: Das sind die Drucksachen, die es vor Augen bringen, und was meistens dazu bestellt wird.","Sea lo que sea, este es el material impreso que lo pone delante de la gente, y lo que suele pedirse con ello.","Qualunque cosa sia, questa è la stampa che la mette davanti alle persone, e quello che di solito si ordina insieme.",,
corporate-gifts,alt_brand_freshnrebel,corporate-gifts | alt_brand_freshnrebel,,A blue speaker clipped to a pair of trousers,Een blauwe speaker vastgeklikt aan een broek,Une enceinte bleue accrochée à un pantalon,Ein blauer Lautsprecher an einer Hose befestigt,Un altavoz azul enganchado a un pantalón,Uno speaker blu agganciato a un pantalone,,
corporate-gifts,alt_brand_jbl,corporate-gifts | alt_brand_jbl,,A finger pressing the top of a JBL speaker,Een vinger die op de bovenkant van een JBL-speaker drukt,Un doigt appuyant sur le dessus d'une enceinte JBL,Ein Finger drückt auf die Oberseite eines JBL-Lautsprechers,Un dedo presionando la parte superior de un altavoz JBL,Un dito che premo la parte superiore di uno speaker JBL,,
corporate-gifts,alt_brand_sony,corporate-gifts | alt_brand_sony,,A Sony speaker held in one hand outdoors,"Een Sony-speaker in één hand, buiten",Une enceinte Sony tenue d'une main en extérieur,Ein Sony-Lautsprecher in einer Hand im Freien,Un altavoz Sony sostenido con una mano al aire libre,Uno speaker Sony tenuto in una mano all'aperto,,
corporate-gifts,block.body,corporate-gifts | block.body,,The catalogue is a starting point. Tell our team what you have in mind and they will source it and come back with a price.,"De catalogus is een startpunt. Vertel ons team wat je in gedachten hebt, dan zoeken zij het en komen ze terug met een prijs.",Le catalogue est un point de départ. Dites à notre équipe ce que vous avez en tête : elle le sourcera et reviendra avec un prix.,"Der Katalog ist ein Ausgangspunkt. Sagen Sie unserem Team, was Ihnen vorschwebt, dann beschaffen wir es und melden uns mit einem Preis.",El catálogo es un punto de partida. Cuéntale a nuestro equipo qué tienes en mente y lo buscarán y volverán con un precio.,Il catalogo è un punto di partenza. Racconta al nostro team cosa hai in mente: lo troveranno e torneranno con un prezzo.,,
corporate-gifts,block.title,corporate-gifts | block.title,,"If we do not list it, we can still find it","Staat het er niet bij, dan vinden we het alsnog","Si ce n'est pas au catalogue, nous pouvons le trouver","Wenn es nicht im Katalog steht, finden wir es trotzdem","Si no está en el catálogo, podemos encontrarlo igualmente","Se non è a catalogo, possiamo comunque trovarlo",,
corporate-gifts,body.Canvas Tote Bags,corporate-gifts | body.Canvas Tote Bags,,"The one giveaway people keep using. Cotton, your logo on the side, and cheap enough per bag to hand out at a stand without counting them.","Het enige weggeefartikel dat mensen blijven gebruiken. Katoen, je logo op de zijkant, en per tas goedkoop genoeg om op een stand uit te delen zonder te tellen.","Le seul cadeau que les gens continuent d'utiliser. Coton, votre logo sur le côté, et assez peu cher à l'unité pour en distribuer sur un stand sans compter.","Das eine Werbegeschenk, das weiter benutzt wird. Baumwolle, Ihr Logo auf der Seite, und pro Tasche günstig genug, um sie am Stand zu verteilen, ohne zu zählen.","El único regalo que la gente sigue usando. Algodón, tu logo en el lateral, y lo bastante barata por unidad como para repartirlas en un stand sin contarlas.","L'unico gadget che le persone continuano a usare. Cotone, il tuo logo sul lato, e abbastanza economica da distribuirla a uno stand senza contarle.",,
corporate-gifts,body.Pens,corporate-gifts | body.Pens,,Still the thing that ends up in a drawer and gets used for a year. Hundreds of them for about the price of a small print run.,Nog altijd het ding dat in een la belandt en een jaar lang wordt gebruikt. Honderden stuks voor ongeveer de prijs van een kleine drukoplage.,Toujours l'objet qui finit dans un tiroir et sert pendant un an. Des centaines pour à peu près le prix d'un petit tirage.,"Immer noch das Ding, das in einer Schublade landet und ein Jahr lang benutzt wird. Hunderte davon für etwa den Preis einer kleinen Druckauflage.",Sigue siendo lo que acaba en un cajón y se usa durante un año. Cientos de ellos por más o menos el precio de una tirada pequeña.,È ancora la cosa che finisce in un cassetto e viene usata per un anno. Centinaia di pezzi per più o meno il prezzo di una piccola tiratura.,,
corporate-gifts,brands.eyebrow,corporate-gifts | brands.eyebrow,,BRANDS WE CARRY,MERKEN DIE WIJ VOEREN,LES MARQUES QUE NOUS PROPOSONS,MARKEN IN UNSEREM SORTIMENT,MARCAS QUE TRABAJAMOS,I MARCHI CHE TRATTIAMO,,
corporate-gifts,brands.h,corporate-gifts | brands.h,,Your logo on a name they already know,Je logo op een naam die ze al kennen,Votre logo sur un nom qu'ils connaissent déjà,"Ihr Logo auf einem Namen, den man kennt",Tu logo en un nombre que ya conocen,Il tuo logo su un nome che già conoscono,,
corporate-gifts,brands.link,corporate-gifts | brands.link,,See all brands,Bekijk alle merken,Voir toutes les marques,Alle Marken ansehen,Ver todas las marcas,Vedi tutti i marchi,,
corporate-gifts,brands.sub,corporate-gifts | brands.sub,,"We personalise premium brands as well as our own ranges. Same file, same process.","Wij personaliseren premium merken naast onze eigen assortimenten. Zelfde bestand, zelfde proces.","Nous personnalisons des marques premium comme nos propres gammes. Même fichier, même processus.","Wir veredeln Premium-Marken genauso wie unsere eigenen Sortimente. Gleiche Datei, gleicher Ablauf.","Personalizamos marcas premium además de nuestras propias gamas. Mismo archivo, mismo proceso.","Personalizziamo marchi premium oltre alle nostre linee. Stesso file, stesso processo.",,
corporate-gifts,eyebrow,corporate-gifts | small green line above the headline,,CORPORATE GIFTS,RELATIEGESCHENKEN,CADEAUX D'ENTREPRISE,WERBEGESCHENKE,REGALOS DE EMPRESA,REGALI AZIENDALI,,
corporate-gifts,grid_h,corporate-gifts | grid_h,,More in Corporate Gifts,Meer in Relatiegeschenken,Plus en Cadeaux d'entreprise,Mehr in Werbegeschenke,Más en Regalos de empresa,Altro in Regali aziendali,,
corporate-gifts,grid_sub,corporate-gifts | grid_sub,,Two more that people keep on a desk rather than throw away.,Nog twee die mensen op hun bureau houden in plaats van weggooien.,Deux autres que l'on garde sur un bureau plutôt que de jeter.,"Zwei weitere, die auf dem Schreibtisch bleiben statt im Müll zu landen.",Dos más que la gente deja en el escritorio en vez de tirar.,Altri due che la gente tiene sulla scrivania invece di buttare.,,
corporate-gifts,h1,corporate-gifts | main headline,,Something to hand out at the next event?,Iets om uit te delen op het volgende evenement?,Quelque chose à distribuer au prochain événement ?,Etwas zum Verteilen beim nächsten Event?,¿Algo para repartir en el próximo evento?,Qualcosa da distribuire al prossimo evento?,,
corporate-gifts,hero_alt,corporate-gifts | hero_alt,,"A branded power bank, water bottle and notebook on a desk","Een bedrukte powerbank, drinkfles en notitieboek op een bureau","Une batterie externe, une gourde et un carnet personnalisés sur un bureau","Eine bedruckte Powerbank, Trinkflasche und ein Notizbuch auf einem Schreibtisch","Una batería externa, una botella y una libreta personalizadas sobre un escritorio","Un power bank, una borraccia e un taccuino personalizzati su una scrivania",,
corporate-gifts,pre,corporate-gifts | hidden preheader - the inbox snippet,,Things that stay in use long after a flyer is in the bin.,Dingen die nog gebruikt worden lang nadat een flyer in de prullenbak ligt.,Des objets qui servent encore longtemps après qu'un flyer a fini à la poubelle.,"Dinge, die noch benutzt werden, lange nachdem ein Flyer im Papierkorb liegt.",Cosas que se siguen usando mucho después de que un flyer acabe en la papelera.,Cose che restano in uso molto dopo che un volantino è finito nel cestino.,,
corporate-gifts,sect_h,corporate-gifts | section heading,,Where most gift orders start,Waar de meeste geschenkbestellingen beginnen,Par où commencent la plupart des commandes de cadeaux,Womit die meisten Geschenkbestellungen anfangen,Por dónde empiezan la mayoría de los pedidos de regalos,Da dove parte la maggior parte degli ordini di regali,,
corporate-gifts,sect_sub,corporate-gifts | line under the section heading,,"The two that get handed out most, and kept longest.","De twee die het vaakst worden uitgedeeld, en het langst worden bewaard.","Les deux que l'on distribue le plus, et que l'on garde le plus longtemps.","Die zwei, die am häufigsten verteilt und am längsten behalten werden.","Los dos que más se reparten, y los que más tiempo se guardan.",I due che si distribuiscono di più e si tengono più a lungo.,,
corporate-gifts,sub,corporate-gifts | line under the headline,,The things that stay in use long after a flyer is in the bin.,De dingen die nog gebruikt worden lang nadat een flyer in de prullenbak ligt.,Les objets qui servent encore longtemps après qu'un flyer a fini à la poubelle.,"Die Dinge, die noch benutzt werden, lange nachdem ein Flyer im Papierkorb liegt.",Las cosas que se siguen usando mucho después de que un flyer acabe en la papelera.,Le cose che restano in uso molto dopo che un volantino è finito nel cestino.,,
flow-browse,pre.brw1,SUBJECTS + PREVIEWS - Browse Abandonment (Klaviyo flow) | PREVIEW browse +1h,,"Change the quantity and the price moves with it. You see the full total, with VAT and delivery, before you pay.","Pas het aantal aan en de prijs beweegt mee. Je ziet het complete totaal, met btw en verzending, voordat je betaalt.","Modifiez la quantité et le prix suit. Vous voyez le total complet, TVA et livraison comprises, avant de payer.","Ändern Sie die Menge und der Preis passt sich an. Sie sehen den Gesamtbetrag inklusive MwSt. und Versand, bevor Sie bezahlen.","Cambia la cantidad y el precio se ajusta. Ves el total completo, con IVA y envío, antes de pagar.","Cambia la quantità e il prezzo si adegua. Vedi il totale completo, IVA e spedizione incluse, prima di pagare.",,
flow-browse,pre.brw2,SUBJECTS + PREVIEWS - Browse Abandonment (Klaviyo flow) | PREVIEW browse +24h,,Order now and send your file later. Nothing goes on press until it has been checked.,Bestel nu en stuur je bestand later. Niets gaat naar de pers voordat het is gecontroleerd.,Commandez maintenant et envoyez votre fichier plus tard. Rien ne part à l'impression avant d'avoir été vérifié.,"Jetzt bestellen und die Datei später senden. Nichts geht in den Druck, bevor es geprüft ist.",Pide ahora y envía tu archivo más tarde. Nada entra en imprenta sin haber sido revisado.,Ordina ora e invia il file più tardi. Niente va in stampa prima di essere controllato.,,
flow-browse,pre.brw3,SUBJECTS + PREVIEWS - Browse Abandonment (Klaviyo flow) | PREVIEW browse +3d,,"An odd spec, a tight deadline, or someone else's signature. Our quotation team comes back within 24 hours.","Een afwijkende specificatie, een krappe deadline of iemand die moet goedkeuren. Ons calculatieteam reageert binnen 24 uur.","Une spécification inhabituelle, un délai serré ou une signature à obtenir. Notre équipe devis répond sous 24 heures.","Eine ungewöhnliche Spezifikation, ein knapper Termin oder eine Unterschrift, die noch fehlt. Unser Angebotsteam antwortet innerhalb von 24 Stunden.","Una especificación poco habitual, un plazo ajustado o una firma que falta. Nuestro equipo de presupuestos responde en 24 horas.","Una specifica insolita, una scadenza stretta o una firma che manca. Il nostro team preventivi risponde entro 24 ore.",,
flow-browse,subj.brw1,SUBJECTS + PREVIEWS - Browse Abandonment (Klaviyo flow) | SUBJECT browse +1h,,The print you were looking at,Het drukwerk dat je bekeek,L'impression que vous regardiez,"Das Druckprodukt, das Sie sich angesehen haben",La impresión que estabas viendo,La stampa che stavi guardando,,
flow-browse,subj.brw2,SUBJECTS + PREVIEWS - Browse Abandonment (Klaviyo flow) | SUBJECT browse +24h,,You do not need the finished artwork yet,Je hebt het definitieve ontwerp nog niet nodig,Vous n'avez pas encore besoin du fichier final,Sie brauchen die fertige Druckdatei noch nicht,Todavía no necesitas el diseño definitivo,Non ti serve ancora il file definitivo,,
flow-browse,subj.brw3,SUBJECTS + PREVIEWS - Browse Abandonment (Klaviyo flow) | SUBJECT browse +3d,,Need a price you can forward?,Een prijs nodig die je kunt doorsturen?,Besoin d'un prix que vous pouvez transmettre ?,"Brauchen Sie ein Angebot, das Sie weiterleiten können?",¿Necesitas un precio que puedas reenviar?,Ti serve un prezzo da inoltrare?,,
flow-order,pre.ord1,"SUBJECTS + PREVIEWS - Abandoned Order (Klaviyo flow) | PREVIEW abandoned order +1h, both branches",,"Every line exactly as you configured it, and a link straight back into your basket.","Elke regel precies zoals je die had ingesteld, met een link direct terug naar je mandje.","Chaque ligne exactement comme vous l'avez configurée, avec un lien direct vers votre panier.","Jede Position genau so, wie Sie sie konfiguriert haben, mit einem Link direkt zurück in den Warenkorb.","Cada línea exactamente como la configuraste, con un enlace directo a tu cesta.","Ogni riga esattamente come l'hai configurata, con un link diretto al tuo carrello.",,
flow-order,pre.ord2h,SUBJECTS + PREVIEWS - Abandoned Order (Klaviyo flow) | PREVIEW abandoned order +24h high value,,"Someone checks the spec, confirms the delivery date, and can invoice instead of taking a card.","Iemand controleert de specificatie, bevestigt de leverdatum en kan op factuur leveren in plaats van via kaart.","Quelqu'un vérifie la spécification, confirme la date de livraison et peut facturer au lieu de prendre une carte.","Jemand prüft die Spezifikation, bestätigt den Liefertermin und kann auf Rechnung statt per Karte abrechnen.","Alguien revisa la especificación, confirma la fecha de entrega y puede facturar en lugar de cobrar con tarjeta.","Qualcuno controlla la specifica, conferma la data di consegna e può fatturare invece di usare la carta.",,
flow-order,pre.ord2l,SUBJECTS + PREVIEWS - Abandoned Order (Klaviyo flow) | PREVIEW abandoned order +24h low value,,"Change the quantity, watch the price move, and order in three clicks.","Pas het aantal aan, zie de prijs meebewegen en bestel in drie klikken.","Modifiez la quantité, voyez le prix suivre et commandez en trois clics.","Ändern Sie die Menge, sehen Sie den Preis mitgehen und bestellen Sie in drei Klicks.","Cambia la cantidad, mira cómo se ajusta el precio y pide en tres clics.","Cambia la quantità, guarda il prezzo adeguarsi e ordina in tre clic.",,
flow-order,pre.ord3h,SUBJECTS + PREVIEWS - Abandoned Order (Klaviyo flow) | PREVIEW abandoned order +72h high value,10%,"The offer of a print expert stands, and there is 10% off for the next 72 hours.","Het aanbod van een printexpert staat nog, en er is 10% korting de komende 72 uur.","L'offre d'un expert en impression tient toujours, et il y a 10 % de remise pendant 72 heures.","Das Angebot eines Druckexperten steht weiterhin, und es gibt 10% Rabatt für die nächsten 72 Stunden.","La oferta de un experto en impresión sigue en pie, y hay un 10% de descuento durante 72 horas.","L'offerta di un esperto di stampa resta valida, e c'è il 10% di sconto per le prossime 72 ore.",,
flow-order,pre.ord3l,SUBJECTS + PREVIEWS - Abandoned Order (Klaviyo flow) | PREVIEW abandoned order +72h low value,,"Your basket is still here, and the code runs out tomorrow.","Je mandje staat er nog, en de code verloopt morgen.","Votre panier est toujours là, et le code expire demain.","Ihr Warenkorb ist noch da, und der Code läuft morgen ab.","Tu cesta sigue ahí, y el código caduca mañana.","Il tuo carrello è ancora qui, e il codice scade domani.",,
flow-order,subj.ord1,"SUBJECTS + PREVIEWS - Abandoned Order (Klaviyo flow) | SUBJECT abandoned order +1h, both branches",,Left something behind?,Iets laten staan?,Vous avez oublié quelque chose ?,Etwas liegen gelassen?,¿Te has dejado algo?,Hai lasciato qualcosa?,,
flow-order,subj.ord2h,SUBJECTS + PREVIEWS - Abandoned Order (Klaviyo flow) | SUBJECT abandoned order +24h high value,,Want a print expert to look at it first?,Wil je dat een printexpert er eerst naar kijkt?,Vous voulez qu'un expert en impression y jette un œil ?,Soll ein Druckexperte es zuerst prüfen?,¿Quieres que un experto en impresión lo revise primero?,Vuoi che un esperto di stampa lo controlli prima?,,
flow-order,subj.ord2l,SUBJECTS + PREVIEWS - Abandoned Order (Klaviyo flow) | SUBJECT abandoned order +24h low value,10%,"10% off, for the next 72 hours","10% korting, de komende 72 uur","10 % de remise, pendant les 72 prochaines heures","10% Rabatt, für die nächsten 72 Stunden","10% de descuento, durante las próximas 72 horas","10% di sconto, per le prossime 72 ore",,
flow-order,subj.ord3h,SUBJECTS + PREVIEWS - Abandoned Order (Klaviyo flow) | SUBJECT abandoned order +72h high value,,Still happy to go through this with you,We nemen het nog steeds graag met je door,Nous restons disponibles pour en discuter avec vous,Wir gehen es weiterhin gern mit Ihnen durch,Seguimos encantados de repasarlo contigo,Siamo ancora qui per esaminarlo con te,,
flow-order,subj.ord3l,SUBJECTS + PREVIEWS - Abandoned Order (Klaviyo flow) | SUBJECT abandoned order +72h low value,25%,"25% off, for the next 24 hours","25% korting, de komende 24 uur","25 % de remise, pendant les 24 prochaines heures","25% Rabatt, für die nächsten 24 Stunden","25% de descuento, durante las próximas 24 horas","25% di sconto, per le prossime 24 ore",,
flow-welcome,subj.wel1,Subject lines (Klaviyo flow message) | SUBJECT day 0,10%,"Welcome to Helloprint, and your 10% code",Welkom bij Helloprint — hier is je 10%,"Bienvenue chez Helloprint, et voici vos 10%",Willkommen bei Helloprint – hier sind Ihre 10%,"Bienvenido a Helloprint, y aquí tienes tu 10%","Benvenuto in Helloprint, ecco il tuo 10%",,Välkommen till Helloprint – här är dina 10 %
flow-welcome,subj.wel2,Subject lines (Klaviyo flow message) | SUBJECT day 1,&mdash; 10%,Your 10% is waiting &mdash; 4 days left,"Je 10% staat klaar, nog 4 dagen","Vos 10% vous attendent, encore 4 jours",Ihre 10% warten – noch 4 Tage,"Tu 10% te espera, quedan 4 días","Il tuo 10% ti aspetta, ancora 4 giorni",,Dina 10 % väntar – 4 dagar kvar
flow-welcome,subj.wel3,Subject lines (Klaviyo flow message) | SUBJECT day 3,10%,Only 2 days left on your 10%,Nog 2 dagen voor je 10%,Plus que 2 jours pour vos 10%,Nur noch 2 Tage für Ihre 10%,Solo 2 días para tu 10%,Solo 2 giorni per il tuo 10%,,Bara 2 dagar kvar på dina 10 %
flow-welcome,subj.wel4,Subject lines (Klaviyo flow message) | SUBJECT day 5,10%,Last day for your 10%,Laatste dag voor je 10%,Dernier jour pour vos 10%,Letzter Tag für Ihre 10%,Último día para tu 10%,Ultimo giorno per il tuo 10%,,Sista dagen för dina 10 %
labels-packaging,block.body,labels-packaging | block.body,,"If you are ordering labels and bags together, send both and we will keep the colour consistent across them rather than treating them as two jobs.","Bestel je labels en tassen tegelijk, stuur ze dan samen. Dan houden wij de kleur gelijk in plaats van er twee losse opdrachten van te maken.","Si vous commandez étiquettes et sacs ensemble, envoyez les deux et nous garderons la couleur identique au lieu d'en faire deux commandes distinctes.","Wenn Sie Etiketten und Tüten zusammen bestellen, schicken Sie beides. Dann halten wir die Farbe einheitlich, statt zwei getrennte Aufträge daraus zu machen.","Si pides etiquetas y bolsas a la vez, envía las dos y mantendremos el color igual en lugar de tratarlas como dos pedidos.","Se ordini etichette e sacchetti insieme, mandaceli entrambi e terremo il colore uguale invece di farne due lavori separati.",,
labels-packaging,block.title,labels-packaging | block.title,,Send the whole list at once,Stuur de hele lijst in één keer,Envoyez toute la liste d'un coup,Schicken Sie die ganze Liste auf einmal,Envía la lista entera de una vez,Manda tutta la lista in una volta,,
labels-packaging,body.Labels & Stickers,labels-packaging | body.Labels & Stickers,,"On a roll for an applicator, on a sheet for applying by hand, or cut to whatever outline your product needs. An odd shape is priced the same as a square.","Op rol voor een dispenser, op vel om met de hand te plakken, of gesneden op de vorm die jouw product nodig heeft. Een rare vorm kost hetzelfde als een vierkant.","En rouleau pour un applicateur, en planche pour poser à la main, ou découpés à la forme dont votre produit a besoin. Une forme irrégulière coûte le même prix qu'un carré.","Auf Rolle für den Spender, auf Bogen zum Aufkleben von Hand, oder auf die Kontur geschnitten, die Ihr Produkt braucht. Eine ungewöhnliche Form kostet dasselbe wie ein Quadrat.","En rollo para aplicador, en hoja para pegar a mano, o cortadas con la forma que necesite tu producto. Una forma rara cuesta lo mismo que un cuadrado.","In rotolo per l'applicatore, in foglio da applicare a mano, o sagomate come serve al tuo prodotto. Una forma strana costa quanto un quadrato.",,
labels-packaging,body.Paper Bags,labels-packaging | body.Paper Bags,,"Your name on the thing a customer carries out of the shop. Runs start at a hundred, so a new design does not have to arrive on a pallet.","Je naam op het ding dat een klant de winkel uit draagt. Oplages beginnen bij honderd, dus een nieuw ontwerp hoeft niet op een pallet aan te komen.","Votre nom sur ce que le client emporte en sortant. Les tirages commencent à cent, donc un nouveau visuel n'arrive pas forcément sur une palette.","Ihr Name auf dem, was der Kunde aus dem Laden trägt. Auflagen beginnen bei hundert, ein neues Design muss also nicht auf einer Palette ankommen.","Tu nombre en lo que el cliente se lleva de la tienda. Las tiradas empiezan en cien, así que un diseño nuevo no tiene que llegar en un palé.","Il tuo nome su ciò che il cliente porta fuori dal negozio. Le tirature partono da cento, quindi un nuovo design non deve arrivare su un bancale.",,
labels-packaging,eyebrow,labels-packaging | small green line above the headline,&amp;,LABELS &amp; PACKAGING,LABELS &amp; VERPAKKING,ÉTIQUETTES &amp; EMBALLAGE,ETIKETTEN &amp; VERPACKUNG,ETIQUETAS &amp; EMBALAJE,ETICHETTE &amp; IMBALLAGGI,,
labels-packaging,grid_h,labels-packaging | grid_h,&amp;,More in Labels &amp; Packaging,Meer in Labels &amp; Verpakking,Plus en Étiquettes &amp; Emballage,Mehr in Etiketten &amp; Verpackung,Más en Etiquetas &amp; Embalaje,Altro in Etichette &amp; Imballaggi,,
labels-packaging,grid_sub,labels-packaging | grid_sub,,"Two more, both in runs small enough to try a design first.","Nog twee, allebei in oplages klein genoeg om een ontwerp eerst te proberen.","Deux autres, en tirages assez petits pour tester un visuel d'abord.","Zwei weitere, beide in Auflagen, die klein genug sind, um ein Design erst zu testen.","Dos más, en tiradas lo bastante pequeñas para probar un diseño primero.","Altri due, in tirature abbastanza piccole da provare prima un design.",,
labels-packaging,h1,labels-packaging | main headline,,"Running low on labels, or on bags?","Raken je labels op, of je tassen?","Vos étiquettes s'épuisent, ou vos sacs ?","Gehen die Etiketten aus, oder die Tüten?","¿Se te acaban las etiquetas, o las bolsas?",Stai finendo le etichette o i sacchetti?,,
labels-packaging,hero_alt,labels-packaging | hero_alt,,A round eco-friendly sticker sealing a cardboard box,Een ronde eco-sticker die een kartonnen doos dichtplakt,Un autocollant rond écologique qui ferme une boîte en carton,"Ein runder Öko-Aufkleber, der einen Karton verschließt",Una pegatina redonda ecológica que cierra una caja de cartón,Un adesivo rotondo eco che chiude una scatola di cartone,,
labels-packaging,pre,labels-packaging | hidden preheader - the inbox snippet,,"Labels, stickers and the packaging they go on.","Labels, stickers en de verpakking waar ze op gaan.","Étiquettes, autocollants et l'emballage sur lequel ils se collent.","Etiketten, Aufkleber und die Verpackung, auf die sie kommen.","Etiquetas, pegatinas y el embalaje donde van.","Etichette, adesivi e l'imballaggio su cui vanno.",,
labels-packaging,sect_h,labels-packaging | section heading,,Where most label orders start,Waar de meeste labelbestellingen beginnen,Par où commencent la plupart des commandes d'étiquettes,Womit die meisten Etikettenbestellungen anfangen,Por dónde empiezan la mayoría de los pedidos de etiquetas,Da dove parte la maggior parte degli ordini di etichette,,
labels-packaging,sect_sub,labels-packaging | line under the section heading,,"The two formats businesses order most: one that goes on the product, one the customer carries out.","De twee formaten die bedrijven het meest bestellen: één die op het product gaat, één die de klant mee naar buiten neemt.","Les deux formats que les entreprises commandent le plus : l'un se colle sur le produit, l'autre repart avec le client.","Die zwei Formate, die Unternehmen am häufigsten bestellen: eines kommt aufs Produkt, eines nimmt der Kunde mit.","Los dos formatos que más piden las empresas: uno va en el producto, el otro se lo lleva el cliente.","I due formati che le aziende ordinano di più: uno va sul prodotto, l'altro se lo porta via il cliente.",,
labels-packaging,sub,labels-packaging | line under the headline,,"Labels and stickers, and the packaging they go on. Both in runs small enough to try first.","Labels en stickers, en de verpakking waar ze op gaan. Allebei in oplages klein genoeg om eerst uit te proberen.","Étiquettes et autocollants, et l'emballage sur lequel ils se collent. Les deux en tirages assez petits pour essayer d'abord.","Etiketten und Aufkleber, und die Verpackung, auf die sie kommen. Beides in Auflagen, die klein genug zum Ausprobieren sind.","Etiquetas y pegatinas, y el embalaje donde van. Ambas en tiradas lo bastante pequeñas para probar primero.","Etichette e adesivi, e l'imballaggio su cui vanno. Entrambi in tirature abbastanza piccole da provare prima.",,
order-01,charged_checkout,"Abandoned order 1 - +1h, the basket restored (both branches) | charged_checkout",,Nothing is charged until you confirm at checkout,Er wordt niets afgeschreven totdat je bij het afrekenen bevestigt,Rien n'est débité tant que vous n'avez pas confirmé au paiement,"Es wird nichts abgebucht, bis Sie beim Checkout bestätigen",No se cobra nada hasta que confirmas en el pago,Non viene addebitato nulla finché non confermi al checkout,,
order-01,check_body,"Abandoned order 1 - +1h, the basket restored (both branches) | check_body",,"John and the Print Expert Team can go through the spec with you, confirm the delivery date, and tell you if anything will not print well. Before you pay for it, not after.","John en het printexpert-team kunnen de specificatie met je doornemen, de leverdatum bevestigen en je vertellen of er iets niet goed zal drukken. Voordat je betaalt, niet erna.","John et l'équipe d'experts peuvent revoir les specs avec vous, confirmer la date de livraison et vous dire si quelque chose s'imprimera mal. Avant que vous ne payiez, pas après.","John und das Druckexperten-Team können die Spezifikation mit Ihnen durchgehen, den Liefertermin bestätigen und Ihnen sagen, ob etwas nicht gut druckt. Bevor Sie zahlen, nicht danach.","John y el equipo de expertos pueden repasar contigo las especificaciones, confirmar la fecha de entrega y decirte si algo no va a imprimir bien. Antes de que pagues, no después.","John e il team di esperti possono rivedere con te le specifiche, confermare la data di consegna e dirti se qualcosa non verrà bene in stampa. Prima che tu paghi, non dopo.",,
order-01,check_h,"Abandoned order 1 - +1h, the basket restored (both branches) | check_h",,Want someone to check it first?,Wil je dat iemand er eerst naar kijkt?,Vous voulez que quelqu'un vérifie d'abord ?,Soll jemand erst darüber schauen?,¿Quieres que alguien lo revise antes?,Vuoi che qualcuno lo controlli prima?,,
order-01,eyebrow_size,"Abandoned order 1 - +1h, the basket restored (both branches) | eyebrow_size",,ON AN ORDER THIS SIZE,BIJ EEN ORDER VAN DEZE OMVANG,POUR UNE COMMANDE DE CETTE TAILLE,BEI EINEM AUFTRAG DIESER GRÖSSE,EN UN PEDIDO DE ESTE TAMAÑO,PER UN ORDINE DI QUESTE DIMENSIONI,,
order-01,file_checked,"Abandoned order 1 - +1h, the basket restored (both branches) | file_checked",,Every file gets checked before it goes on press,Elk bestand wordt gecontroleerd voordat het op de pers gaat,Chaque fichier est vérifié avant de partir en impression,"Jede Datei wird geprüft, bevor sie in den Druck geht",Cada archivo se revisa antes de entrar en máquina,Ogni file viene controllato prima di andare in stampa,,
order-01,h1,"Abandoned order 1 - +1h, the basket restored (both branches) | main headline",,Left something behind?,Iets laten staan?,Vous avez oublié quelque chose ?,Etwas liegen gelassen?,¿Te has dejado algo?,Hai lasciato qualcosa?,,
order-01,help_h,"Abandoned order 1 - +1h, the basket restored (both branches) | help_h",,Something not right in there?,Klopt er iets niet?,Quelque chose ne va pas ?,Stimmt da etwas nicht?,¿Algo no cuadra?,Qualcosa non va?,,
order-01,kept_saved,"Abandoned order 1 - +1h, the basket restored (both branches) | kept_saved",,"Everything you configured is saved, down to the paper and the finish","Alles wat je hebt ingesteld is bewaard, tot en met het papier en de afwerking","Tout ce que vous avez configuré est enregistré, jusqu'au papier et à la finition","Alles, was Sie konfiguriert haben, ist gespeichert, bis hin zu Papier und Veredelung","Todo lo que configuraste está guardado, hasta el papel y el acabado","Tutto quello che hai configurato è salvato, fino alla carta e alla finitura",,
order-01,pre,"Abandoned order 1 - +1h, the basket restored (both branches) | hidden preheader - the inbox snippet",,Everything you configured is saved. Pick up where you left off.,Alles wat je hebt ingesteld is bewaard. Ga verder waar je gebleven was.,Tout ce que vous avez configuré est conservé. Reprenez où vous en étiez.,"Alles, was Sie eingestellt haben, ist gespeichert. Machen Sie da weiter, wo Sie aufgehört haben.",Todo lo que configuraste está guardado. Retoma donde lo dejaste.,Tutto quello che hai configurato è salvato. Riprendi da dove eri rimasto.,,
order-01,reassure.0,"Abandoned order 1 - +1h, the basket restored (both branches) | reassure.0",,"Everything you configured is saved, down to the paper and the finish","Alles wat je instelde is bewaard, tot en met het papier en de afwerking","Tout ce que vous avez configuré est conservé, jusqu'au papier et à la finition","Alles ist gespeichert, bis hin zu Papier und Veredelung","Todo lo que configuraste está guardado, hasta el papel y el acabado","Tutto è salvato, fino alla carta e alla finitura",,
order-01,reassure.1,"Abandoned order 1 - +1h, the basket restored (both branches) | reassure.1",,Every file gets checked before it goes on press,Elk bestand wordt gecontroleerd voordat het op de pers gaat,Chaque fichier est vérifié avant impression,Jede Datei wird vor dem Druck geprüft,Cada archivo se revisa antes de entrar en máquina,Ogni file viene controllato prima di andare in stampa,,
order-01,reassure.2,"Abandoned order 1 - +1h, the basket restored (both branches) | reassure.2",,Nothing is charged until you confirm at checkout,Er wordt niets afgeschreven totdat je bij het afrekenen bevestigt,Rien n'est débité tant que vous n'avez pas confirmé au paiement,"Es wird nichts abgebucht, bis Sie beim Bezahlen bestätigen",No se cobra nada hasta que confirmas al pagar,Non viene addebitato nulla finché non confermi al pagamento,,
order-01,sub,"Abandoned order 1 - +1h, the basket restored (both branches) | line under the headline",,Nothing has been lost. Every option you picked is saved exactly as you left it.,Er is niets verloren gegaan. Elke optie die je koos staat er nog precies zo bij.,Rien n'est perdu. Chaque option que vous avez choisie est conservée telle quelle.,"Nichts ist verloren. Jede Option, die Sie gewählt haben, ist genau so gespeichert.",No se ha perdido nada. Cada opción que elegiste está guardada tal cual.,Non è andato perso nulla. Ogni opzione che hai scelto è salvata esattamente com'era.,,
order-02-high,alt_team,"Abandoned order 2 HIGH value - +24h, the print expert | alt_team",,The Helloprint print expert team,Het Helloprint printexpert-team,L'équipe d'experts en impression Helloprint,Das Helloprint-Druckexperten-Team,El equipo de expertos en impresión de Helloprint,Il team di esperti di stampa Helloprint,,
order-02-high,bio,"Abandoned order 2 HIGH value - +24h, the print expert | bio",,John has specced print for over twenty years. He and his team handle everything from a straightforward reprint to the jobs other printers turn down.,"John specificeert al ruim twintig jaar drukwerk. Hij en zijn team doen alles, van een eenvoudige herdruk tot de klussen die andere drukkers afwijzen.","John définit des travaux d'impression depuis plus de vingt ans. Lui et son équipe gèrent tout, du simple retirage aux travaux que d'autres imprimeurs refusent.","John kalkuliert seit über zwanzig Jahren Druckaufträge. Er und sein Team machen alles, vom einfachen Nachdruck bis zu den Aufträgen, die andere Druckereien ablehnen.","John lleva más de veinte años definiendo trabajos de impresión. Él y su equipo se ocupan de todo, desde una reimpresión sencilla hasta los trabajos que otras imprentas rechazan.","John definisce lavori di stampa da oltre vent'anni. Lui e il suo team gestiscono tutto, dalla semplice ristampa ai lavori che altre tipografie rifiutano.",,
order-02-high,date_body,"Abandoned order 2 HIGH value - +24h, the print expert | date_body",,"Most products go out for next-day delivery where possible. If a date cannot be met you will be told plainly, rather than find out later.","De meeste producten gaan waar mogelijk mee met levering de volgende dag. Kan een datum niet gehaald worden, dan hoor je dat gewoon, in plaats van dat je er later achter komt.","La plupart des produits partent en livraison le lendemain quand c'est possible. Si une date ne peut pas être tenue, on vous le dit franchement, plutôt que vous le découvriez plus tard.","Die meisten Produkte gehen, wo möglich, mit Lieferung am nächsten Tag raus. Kann ein Termin nicht gehalten werden, sagen wir es klar, statt dass Sie es später merken.","La mayoría de productos salen con entrega al día siguiente cuando es posible. Si una fecha no se puede cumplir, te lo decimos claramente en vez de que lo descubras después.","La maggior parte dei prodotti parte con consegna il giorno dopo quando è possibile. Se una data non è rispettabile te lo diciamo chiaramente, invece di fartelo scoprire dopo.",,
order-02-high,date_h,"Abandoned order 2 HIGH value - +24h, the print expert | date_h",,Confirm the delivery date,De leverdatum bevestigen,Confirmer la date de livraison,Den Liefertermin bestätigen,Confirmar la fecha de entrega,Confermare la data di consegna,,
order-02-high,eyebrow,"Abandoned order 2 HIGH value - +24h, the print expert | small green line above the headline",,BEFORE YOU PAY,VOORDAT JE BETAALT,AVANT DE PAYER,BEVOR SIE ZAHLEN,ANTES DE PAGAR,PRIMA DI PAGARE,,
order-02-high,h1,"Abandoned order 2 HIGH value - +24h, the print expert | main headline",,Want a print expert to look at it first?,Wil je dat een printexpert er eerst naar kijkt?,Vous voulez qu'un expert y jette un œil d'abord ?,Soll ein Druckexperte erst draufschauen?,¿Quieres que lo mire antes un experto?,Vuoi che lo guardi prima un esperto?,,
order-02-high,inv_body,"Abandoned order 2 HIGH value - +24h, the print expert | inv_body",,"Plenty of our business customers pay on invoice rather than putting it on a card. If that is not switched on for your account yet, the team can look at it for you.","Veel van onze zakelijke klanten betalen op factuur in plaats van met een kaart. Staat dat nog niet aan voor jouw account, dan kan het team ernaar kijken.","Beaucoup de nos clients professionnels paient sur facture plutôt que par carte. Si ce n'est pas encore activé sur votre compte, l'équipe peut s'en occuper.","Viele unserer Geschäftskunden zahlen auf Rechnung statt per Karte. Ist das für Ihr Konto noch nicht freigeschaltet, kann das Team sich das ansehen.","Muchos de nuestros clientes de empresa pagan por factura en vez de con tarjeta. Si aún no lo tienes activado en tu cuenta, el equipo puede revisarlo.","Molti nostri clienti business pagano con fattura invece che con carta. Se non è ancora attivo sul tuo account, il team può occuparsene.",,
order-02-high,inv_h,"Abandoned order 2 HIGH value - +24h, the print expert | inv_h",,"Pay on invoice, not by card","Betalen op factuur, niet met een kaart","Payer sur facture, pas par carte","Auf Rechnung zahlen, nicht per Karte","Pagar por factura, no con tarjeta","Pagare con fattura, non con carta",,
order-02-high,or_b,"Abandoned order 2 HIGH value - +24h, the print expert | or_b",,"The basket is saved and nothing is charged until you confirm. If you would rather have a second pair of eyes on it first, say the word.","De winkelwagen is bewaard en er wordt niets afgeschreven totdat je bevestigt. Wil je er liever eerst iemand anders naar laten kijken, zeg het gerust.","Le panier est conservé et rien n'est débité tant que vous n'avez pas confirmé. Si vous préférez un deuxième avis d'abord, dites-le.","Der Warenkorb ist gespeichert und es wird nichts abgebucht, bis Sie bestätigen. Wenn Sie lieber erst ein zweites Paar Augen darauf hätten, sagen Sie Bescheid.","La cesta está guardada y no se cobra nada hasta que confirmes. Si prefieres que alguien más le eche un ojo antes, dilo.","Il carrello è salvato e non viene addebitato nulla finché non confermi. Se preferisci prima un secondo parere, basta dirlo.",,
order-02-high,or_h,"Abandoned order 2 HIGH value - +24h, the print expert | or_h",,Or just finish it,Of maak het gewoon af,Ou terminez simplement,Oder schließen Sie es einfach ab,O simplemente termínalo,Oppure completalo e basta,,
order-02-high,pre,"Abandoned order 2 HIGH value - +24h, the print expert | hidden preheader - the inbox snippet",,"A print expert can check the spec, confirm the date, and sort invoicing before you pay.","Een printexpert kan de specificatie nakijken, de datum bevestigen en de facturatie regelen voordat je betaalt.","Un expert peut vérifier les options, confirmer la date et régler la facturation avant que vous payiez.","Ein Druckexperte kann die Ausführung prüfen, den Termin bestätigen und die Rechnung klären, bevor Sie zahlen.","Un experto puede revisar las especificaciones, confirmar la fecha y resolver la facturación antes de que pagues.","Un esperto può controllare le specifiche, confermare la data e sistemare la fatturazione prima che tu paghi.",,
order-02-high,qty_body,"Abandoned order 2 HIGH value - +24h, the print expert | qty_body",,Print gets cheaper per unit as the run grows. On an order this size the next quantity break may cost less than what is in the basket now.,Drukwerk wordt per stuk goedkoper naarmate de oplage groeit. Bij een order van deze omvang kan de volgende staffel minder kosten dan wat er nu in je mandje ligt.,"L'impression coûte moins cher à l'unité quand le tirage augmente. Sur une commande de cette taille, le palier de quantité suivant peut coûter moins que ce qu'il y a dans le panier.","Druck wird pro Stück günstiger, je größer die Auflage. Bei einem Auftrag dieser Größe kann die nächste Staffel weniger kosten als das, was jetzt im Warenkorb liegt.","La impresión sale más barata por unidad cuanto mayor es la tirada. En un pedido de este tamaño, el siguiente tramo de cantidad puede costar menos que lo que hay ahora en la cesta.","La stampa costa meno al pezzo man mano che la tiratura cresce. Su un ordine di queste dimensioni, lo scaglione di quantità successivo può costare meno di quello che c'è ora nel carrello.",,
order-02-high,qty_h,"Abandoned order 2 HIGH value - +24h, the print expert | qty_h",,Tell you if the quantity is wrong,Je vertellen of het aantal niet klopt,Vous dire si la quantité ne va pas,"Ihnen sagen, wenn die Menge nicht stimmt",Decirte si la cantidad no cuadra,Dirti se la quantità non va,,
order-02-high,row.0.b,"Abandoned order 2 HIGH value - +24h, the print expert | row.0.b",,"Forty years in the graphic trade sits behind the desk. Not the artwork check, but whether the paper, size and finish are right for what it is actually for.","Achter het bureau zit veertig jaar ervaring in het grafische vak. Niet de bestandscontrole, maar of het papier, formaat en de afwerking kloppen voor waar het echt voor is.","Quarante ans de métier dans les arts graphiques sont derrière ce bureau. Pas la vérification du fichier, mais si le papier, le format et la finition conviennent à l'usage réel.","Hinter dem Schreibtisch stehen vierzig Jahre grafisches Gewerbe. Nicht der Dateicheck, sondern ob Papier, Format und Veredelung zum tatsächlichen Zweck passen.","Detrás de la mesa hay cuarenta años de oficio gráfico. No es la revisión del archivo, sino si el papel, el tamaño y el acabado encajan con su uso real.","Dietro la scrivania ci sono quarant'anni di mestiere grafico. Non il controllo del file, ma se carta, formato e finitura sono giusti per l'uso reale.",,
order-02-high,row.0.t,"Abandoned order 2 HIGH value - +24h, the print expert | row.0.t",,Check the spec suits the job,Nakijken of de specificatie past bij de klus,Vérifier que les options conviennent au travail,"Prüfen, ob die Ausführung zum Auftrag passt",Comprobar que las especificaciones encajan con el trabajo,Controllare che le specifiche siano adatte al lavoro,,
order-02-high,row.1.b,"Abandoned order 2 HIGH value - +24h, the print expert | row.1.b",,"Most products go out for next-day delivery where possible. If a date cannot be met you will be told plainly, rather than find out later.","De meeste producten gaan waar mogelijk de volgende dag de deur uit. Kan een datum niet gehaald worden, dan hoor je dat gewoon, in plaats van er later achter te komen.","La plupart des produits partent en livraison le lendemain quand c'est possible. Si une date ne peut pas être tenue, on vous le dit franchement plutôt que de vous laisser le découvrir.","Die meisten Produkte gehen wo möglich mit Lieferung am nächsten Tag raus. Wenn ein Termin nicht zu halten ist, sagen wir es Ihnen klar, statt dass Sie es später merken.","La mayoría de los productos salen con entrega al día siguiente cuando es posible. Si una fecha no puede cumplirse, te lo dicen claro en vez de que lo descubras después.","La maggior parte dei prodotti parte con consegna il giorno dopo quando è possibile. Se una data non si può rispettare te lo dicono chiaramente, invece di lasciartelo scoprire dopo.",,
order-02-high,row.1.t,"Abandoned order 2 HIGH value - +24h, the print expert | row.1.t",,Confirm the delivery date,De leverdatum bevestigen,Confirmer la date de livraison,Den Liefertermin bestätigen,Confirmar la fecha de entrega,Confermare la data di consegna,,
order-02-high,row.2.b,"Abandoned order 2 HIGH value - +24h, the print expert | row.2.b",,"Plenty of our business customers pay on invoice rather than putting it on a card. If that is not switched on for your account yet, the team can look at it for you.","Veel van onze zakelijke klanten betalen op factuur in plaats van met een kaart. Staat dat nog niet aan voor jouw account, dan kan het team ernaar kijken.","Beaucoup de nos clients professionnels paient sur facture plutôt que par carte. Si ce n'est pas encore activé sur votre compte, l'équipe peut s'en occuper.","Viele unserer Geschäftskunden zahlen auf Rechnung statt mit Karte. Wenn das für Ihr Konto noch nicht freigeschaltet ist, kann das Team sich darum kümmern.","Muchos de nuestros clientes de empresa pagan por factura en vez de con tarjeta. Si aún no está activado en tu cuenta, el equipo puede mirarlo.","Molti nostri clienti aziendali pagano su fattura invece che con carta. Se non è ancora attivo sul tuo account, il team può occuparsene.",,
order-02-high,row.2.t,"Abandoned order 2 HIGH value - +24h, the print expert | row.2.t",,"Pay on invoice, not by card","Betalen op factuur, niet met kaart","Payer sur facture, pas par carte",Auf Rechnung zahlen statt mit Karte,"Pagar por factura, no con tarjeta","Pagare su fattura, non con carta",,
order-02-high,row.3.b,"Abandoned order 2 HIGH value - +24h, the print expert | row.3.b",,Print gets cheaper per unit as the run grows. On an order this size the next quantity break may cost less than what is in the basket now.,Drukwerk wordt per stuk goedkoper naarmate de oplage groeit. Bij een bestelling van deze omvang kan het volgende aantal minder kosten dan wat er nu in de winkelwagen staat.,"L'impression coûte moins cher à l'unité quand le tirage augmente. Sur une commande de cette taille, le palier suivant peut coûter moins que ce qui est dans le panier.","Druck wird pro Stück günstiger, je größer die Auflage. Bei dieser Bestellgröße kann die nächste Mengenstufe weniger kosten als das, was jetzt im Warenkorb liegt.","La impresión sale más barata por unidad cuanto mayor es la tirada. En un pedido de este tamaño, el siguiente tramo puede costar menos que lo que hay ahora en la cesta.",La stampa costa meno a pezzo man mano che la tiratura cresce. Su un ordine di queste dimensioni lo scaglione successivo può costare meno di quello che c'è ora nel carrello.,,
order-02-high,row.3.t,"Abandoned order 2 HIGH value - +24h, the print expert | row.3.t",,Tell you if the quantity is wrong,Zeggen of het aantal niet klopt,Vous dire si la quantité ne colle pas,"Ihnen sagen, wenn die Menge nicht stimmt",Decirte si la cantidad no es la adecuada,Dirti se la quantità non è quella giusta,,
order-02-high,sect_h,"Abandoned order 2 HIGH value - +24h, the print expert | section heading",,What they will actually do,Wat zij concreet doen,Ce qu'ils font concrètement,Was sie konkret tun,Qué hacen exactamente,Cosa fanno concretamente,,
order-02-high,spec_body,"Abandoned order 2 HIGH value - +24h, the print expert | spec_body",,"Forty years in the graphic trade sits behind the desk. Not the artwork check, but whether the paper, size and finish are right for what it is actually for.","Achter het bureau zit veertig jaar ervaring in het grafische vak. Niet de bestandscontrole, maar de vraag of papier, formaat en afwerking kloppen voor waar het echt voor is.","Quarante ans de métier dans les arts graphiques sont assis derrière le bureau. Pas le contrôle du fichier, mais la question de savoir si le papier, le format et la finition conviennent à l'usage réel.","Hinter dem Schreibtisch sitzen vierzig Jahre grafisches Gewerbe. Nicht die Dateiprüfung, sondern die Frage, ob Papier, Format und Veredelung zum tatsächlichen Zweck passen.","Detrás de la mesa hay cuarenta años de oficio gráfico. No la revisión del archivo, sino si el papel, el tamaño y el acabado encajan con el uso real.","Dietro la scrivania ci sono quarant'anni di mestiere grafico. Non il controllo del file, ma se carta, formato e finitura sono giusti per l'uso reale.",,
order-02-high,spec_h,"Abandoned order 2 HIGH value - +24h, the print expert | spec_h",,Check the spec suits the job,Controleren of de specificatie bij de klus past,Vérifier que les specs conviennent au travail,"Prüfen, ob die Spezifikation zum Auftrag passt",Comprobar que las especificaciones encajan con el trabajo,Controllare che le specifiche siano adatte al lavoro,,
order-02-high,sub,"Abandoned order 2 HIGH value - +24h, the print expert | line under the headline",&rsquo;,"On an order this size, ten minutes of someone else&rsquo;s time is usually worth having.",Bij een bestelling van deze omvang is tien minuten van iemand anders meestal de moeite waard.,"Sur une commande de cette taille, dix minutes du temps de quelqu'un d'autre valent généralement la peine.",Bei einer Bestellung dieser Größe lohnen sich zehn Minuten von jemand anderem meistens.,"En un pedido de este tamaño, diez minutos del tiempo de otra persona suelen merecer la pena.","Su un ordine di queste dimensioni, dieci minuti del tempo di qualcun altro di solito valgono la pena.",,
order-02-low,bar,"Abandoned order 2 LOW value - +24h, 10% off | bar",10%,10% off your basket,10% korting op je mandje,10% de remise sur votre panier,10% Rabatt auf Ihren Warenkorb,10% de descuento en tu cesta,10% di sconto sul tuo carrello,,
order-02-low,ends,"Abandoned order 2 LOW value - +24h, 10% off | ends",,ends in 72 hours,verloopt over 72 uur,expire dans 72 heures,läuft in 72 Stunden ab,caduca en 72 horas,scade tra 72 ore,,
order-02-low,h1,"Abandoned order 2 LOW value - +24h, 10% off | main headline",10%,10% off the basket you saved,10% korting op het mandje dat je bewaarde,10% de remise sur le panier que vous avez laissé,10% Rabatt auf den gespeicherten Warenkorb,10% de descuento en la cesta que guardaste,10% di sconto sul carrello che hai salvato,,
order-02-low,ord.still_configured,"Abandoned order 2 LOW value - +24h, 10% off | ord.still_configured",,"Everything is still configured exactly as you left it, and the code runs for {h} hours.","Alles staat nog precies zoals je het achterliet, en de code is {h} uur geldig.","Tout est encore configuré exactement comme vous l'avez laissé, et le code est valable {h} heures.","Alles ist noch genau so konfiguriert, wie Sie es verlassen haben, und der Code gilt {h} Stunden.","Todo sigue configurado exactamente como lo dejaste, y el código es válido {h} horas.","Tutto è ancora configurato esattamente come l'hai lasciato, e il codice è valido {h} ore.",,
order-02-low,pre,"Abandoned order 2 LOW value - +24h, 10% off | hidden preheader - the inbox snippet",10%,10% off the basket you saved. The code comes off at checkout.,10% korting op het mandje dat je bewaarde. De code gaat er bij het afrekenen af.,10% de remise sur le panier que vous avez laissé. Le code s'applique au paiement.,10% Rabatt auf den gespeicherten Warenkorb. Der Code wird beim Checkout abgezogen.,10% de descuento en la cesta que guardaste. El código se aplica en el pago.,10% di sconto sul carrello che hai salvato. Il codice viene applicato al checkout.,,
order-02-low,q0b,"Abandoned order 2 LOW value - +24h, 10% off | q0b",,"The number on the page is where the product starts, not a minimum you are stuck with.","Het aantal op de pagina is waar het product begint, niet een minimum waar je aan vastzit.","Le chiffre sur la page est le point de départ du produit, pas un minimum imposé.","Die Zahl auf der Seite ist der Einstieg des Produkts, kein Mindestwert, an den Sie gebunden sind.","El número de la página es donde empieza el producto, no un mínimo al que estés atado.","Il numero sulla pagina è il punto di partenza del prodotto, non un minimo a cui sei vincolato.",,
order-02-low,q0h,"Abandoned order 2 LOW value - +24h, 10% off | q0h",,"Change the quantity, watch the price move",Pas het aantal aan en zie de prijs bewegen,"Changez la quantité, regardez le prix bouger",Ändern Sie die Menge und sehen Sie den Preis mitgehen,Cambia la cantidad y mira cómo se mueve el precio,Cambia la quantità e guarda il prezzo muoversi,,
order-02-low,q1b,"Abandoned order 2 LOW value - +24h, 10% off | q1b",,You do not need finished artwork to place it. Order first and upload when you are ready.,Je hebt geen afgerond ontwerp nodig om te bestellen. Bestel eerst en upload wanneer je zover bent.,Vous n'avez pas besoin d'un visuel finalisé pour commander. Commandez d'abord et envoyez le fichier quand vous êtes prêt.,"Sie brauchen keine fertige Datei, um zu bestellen. Bestellen Sie zuerst und laden Sie hoch, wenn Sie so weit sind.",No necesitas el diseño terminado para pedir. Pide primero y sube el archivo cuando estés listo.,Non ti serve un file finito per ordinare. Ordina prima e carica quando sei pronto.,,
order-02-low,q1h,"Abandoned order 2 LOW value - +24h, 10% off | q1h",,Send your file now or after you order,Stuur je bestand nu of na je bestelling,Envoyez votre fichier maintenant ou après la commande,Schicken Sie Ihre Datei jetzt oder nach der Bestellung,Envía tu archivo ahora o después de pedir,Manda il file ora o dopo l'ordine,,
order-02-low,q2b,"Abandoned order 2 LOW value - +24h, 10% off | q2b",,"The basket is saved either way, and the code applies at the last step.","Het mandje blijft hoe dan ook bewaard, en de code wordt bij de laatste stap toegepast.","Le panier est enregistré dans tous les cas, et le code s'applique à la dernière étape.","Der Warenkorb bleibt so oder so gespeichert, und der Code greift im letzten Schritt.","La cesta se guarda igualmente, y el código se aplica en el último paso.","Il carrello resta salvato comunque, e il codice si applica all'ultimo passaggio.",,
order-02-low,saving,"Abandoned order 2 LOW value - +24h, 10% off | saving",,That is at least {amt} off.,Dat is minstens {amt} korting.,Cela fait au moins {amt} de remise.,Das sind mindestens {amt} Rabatt.,Eso son al menos {amt} de descuento.,Sono almeno {amt} di sconto.,,
order-02-low,sub,"Abandoned order 2 LOW value - +24h, 10% off | line under the headline",,"at checkout and save at least {amt}. Everything is still configured exactly as you left it, and the code runs for 72 hours.","bij het afrekenen en bespaar minstens {amt}. Alles staat nog precies zoals je het achterliet, en de code is 72 uur geldig.","au paiement et économisez au moins {amt}. Tout est encore configuré exactement comme vous l'aviez laissé, et le code est valable 72 heures.","beim Checkout und sparen Sie mindestens {amt}. Alles ist noch genau so konfiguriert, wie Sie es verlassen haben, und der Code gilt 72 Stunden.","en el pago y ahorra al menos {amt}. Todo sigue configurado exactamente como lo dejaste, y el código dura 72 horas.","al checkout e risparmia almeno {amt}. È tutto ancora configurato esattamente come l'hai lasciato, e il codice vale 72 ore.",,
order-03-high,code_label,"Abandoned order 3 HIGH value - +72h, expert plus 10% | code_label",&rsquo;,JOHN&rsquo;S CODE FOR YOU,JOHNS CODE VOOR JOU,LE CODE DE JOHN POUR VOUS,JOHNS CODE FÜR SIE,EL CÓDIGO DE JOHN PARA TI,IL CODICE DI JOHN PER TE,,
order-03-high,done_h,"Abandoned order 3 HIGH value - +72h, expert plus 10% | done_h",,And that is us done,En hiermee zijn we klaar,"Et voilà, c'est tout de notre côté",Und damit sind wir durch,Y hasta aquí por nuestra parte,E con questo abbiamo finito,,
order-03-high,eyebrow,"Abandoned order 3 HIGH value - +72h, expert plus 10% | small green line above the headline",,LAST ONE FROM US,LAATSTE VAN ONS,LE DERNIER DE NOTRE PART,DIE LETZTE VON UNS,EL ÚLTIMO DE NUESTRA PARTE,L'ULTIMA DA PARTE NOSTRA,,
order-03-high,h1,"Abandoned order 3 HIGH value - +72h, expert plus 10% | main headline",&rsquo;,An order this size is worth ten minutes of someone else&rsquo;s time before you pay for it.,Een order van deze omvang is tien minuten van iemand anders zijn tijd waard voordat je ervoor betaalt.,Une commande de cette taille mérite dix minutes du temps de quelqu'un d'autre avant que vous ne la payiez.,"Ein Auftrag dieser Größe ist zehn Minuten der Zeit eines anderen wert, bevor Sie dafür zahlen.",Un pedido de este tamaño merece diez minutos del tiempo de otra persona antes de que lo pagues.,Un ordine di queste dimensioni vale dieci minuti del tempo di qualcun altro prima che tu lo paghi.,,
order-03-high,john_offer,"Abandoned order 3 HIGH value - +72h, expert plus 10% | john_offer",10%,"Send it over before you order and I will go through it. And to make the decision a bit easier, here is 10% off from me:","Stuur het door voordat je bestelt, dan neem ik het door. En om de keuze wat makkelijker te maken, hier is 10% korting van mij:","Envoyez-le-moi avant de commander et je le regarde. Et pour faciliter un peu la décision, voici 10% de remise de ma part :","Schicken Sie es mir vor der Bestellung und ich gehe es durch. Und damit die Entscheidung etwas leichter fällt, hier 10% Rabatt von mir:","Mándamelo antes de pedir y lo reviso. Y para que la decisión sea un poco más fácil, aquí tienes un 10% de descuento de mi parte:","Mandamelo prima di ordinare e lo controllo. E per rendere la decisione un po' più facile, ecco il 10% di sconto da parte mia:",,
order-03-high,john_quote,"Abandoned order 3 HIGH value - +72h, expert plus 10% | john_quote",,"I have specced print for over twenty years, and on orders around this size there is nearly always one detail worth a second look: a quantity that costs less at the next step up, a finish that will not survive the job, a date that is tighter than it needs to be.","Ik specificeer al ruim twintig jaar drukwerk, en bij orders rond deze omvang is er bijna altijd één detail dat een tweede blik verdient: een aantal dat bij de volgende staffel minder kost, een afwerking die de klus niet overleeft, een datum die krapper is dan nodig.","Je définis des travaux d'impression depuis plus de vingt ans, et sur des commandes de cet ordre il y a presque toujours un détail qui mérite un second regard : une quantité moins chère au palier suivant, une finition qui ne tiendra pas, une date plus serrée que nécessaire.","Ich kalkuliere seit über zwanzig Jahren Druckaufträge, und bei Aufträgen dieser Größenordnung gibt es fast immer ein Detail, das einen zweiten Blick verdient: eine Menge, die eine Staffel höher weniger kostet, eine Veredelung, die den Einsatz nicht übersteht, ein Termin, der enger ist als nötig.","Llevo más de veinte años definiendo trabajos de impresión, y en pedidos de este orden casi siempre hay un detalle que merece una segunda mirada: una cantidad que sale más barata en el siguiente tramo, un acabado que no aguantará el uso, una fecha más ajustada de lo necesario.","Definisco lavori di stampa da più di vent'anni, e su ordini di questo ordine di grandezza c'è quasi sempre un dettaglio che merita una seconda occhiata: una quantità che costa meno allo scaglione successivo, una finitura che non reggerà, una data più stretta del necessario.",,
order-03-high,last_note,"Abandoned order 3 HIGH value - +72h, expert plus 10% | last_note",,"This is the last email we will send about this basket. It stays saved for whenever the job comes back around, and the offer to look at it with you does not expire.","Dit is de laatste mail die we over dit mandje sturen. Het blijft bewaard voor wanneer de klus terugkomt, en het aanbod om er samen naar te kijken verloopt niet.","C'est le dernier e-mail que nous enverrons à propos de ce panier. Il reste enregistré pour quand le projet reviendra, et la proposition de le regarder avec vous n'expire pas.","Das ist die letzte E-Mail, die wir zu diesem Warenkorb schicken. Er bleibt gespeichert, falls der Auftrag wiederkommt, und das Angebot, ihn mit Ihnen durchzugehen, läuft nicht ab.","Este es el último correo que enviaremos sobre esta cesta. Se queda guardada para cuando el trabajo vuelva, y la oferta de revisarla contigo no caduca.","Questa è l'ultima email che manderemo su questo carrello. Resta salvato per quando il lavoro tornerà, e l'offerta di guardarlo insieme non scade.",,
order-03-high,letter,"Abandoned order 3 HIGH value - +72h, expert plus 10% | letter",10%,"Send it over before you order and I will go through it. And to make the decision a bit easier, here is 10% off from me:","Stuur het door voordat je bestelt, dan neem ik het door. En om de keuze wat makkelijker te maken, hier is 10% korting van mij:","Envoyez-le-moi avant de commander et je le passerai en revue. Et pour vous faciliter la décision, voici 10% de ma part :","Schicken Sie es mir vor der Bestellung, dann gehe ich es durch. Und damit die Entscheidung leichter fällt, hier sind 10% von mir:","Envíamelo antes de pedir y lo repaso. Y para que la decisión sea más fácil, aquí tienes un 10% de mi parte:","Mandamelo prima di ordinare e lo guardo io. E per rendere la decisione più facile, ecco il 10% da parte mia:",,
order-03-high,or_john,"Abandoned order 3 HIGH value - +72h, expert plus 10% | or_john",,or send it to John first,of stuur het eerst naar John,ou envoyez-le d'abord à John,oder schicken Sie es zuerst an John,o mándaselo antes a John,oppure mandalo prima a John,,
order-03-high,ord.expires_after,"Abandoned order 3 HIGH value - +72h, expert plus 10% | ord.expires_after",,expires {h} hours after this email,verloopt {h} uur na deze e-mail,expire {h} heures après cet e-mail,läuft {h} Stunden nach dieser E-Mail ab,caduca {h} horas después de este correo,scade {h} ore dopo questa email,,
order-03-high,pre,"Abandoned order 3 HIGH value - +72h, expert plus 10% | hidden preheader - the inbox snippet",10%,"John can still go through this with you, and he has put 10% off on your basket.","John kan dit nog steeds met je doornemen, en hij heeft 10% korting op je mandje gezet.","John peut encore revoir tout ça avec vous, et il a mis 10% de remise sur votre panier.","John kann das noch mit Ihnen durchgehen, und er hat 10% Rabatt auf Ihren Warenkorb gelegt.","John todavía puede repasarlo contigo, y te ha puesto un 10% de descuento en la cesta.","John può ancora rivederlo con te, e ti ha messo il 10% di sconto sul carrello.",,
order-03-high,q0b,"Abandoned order 3 HIGH value - +72h, expert plus 10% | q0b",,"Reply to this email, or use the chat. Nothing about the order changes while you wait for an answer.","Antwoord op deze mail, of gebruik de chat. Er verandert niets aan de bestelling terwijl je op antwoord wacht.","Répondez à cet e-mail, ou passez par le chat. Rien ne change dans la commande pendant que vous attendez une réponse.","Antworten Sie auf diese E-Mail oder nutzen Sie den Chat. An der Bestellung ändert sich nichts, während Sie auf eine Antwort warten.",Responde a este correo o usa el chat. Nada del pedido cambia mientras esperas respuesta.,"Rispondi a questa email, oppure usa la chat. Nulla dell'ordine cambia mentre aspetti una risposta.",,
order-03-high,q0h,"Abandoned order 3 HIGH value - +72h, expert plus 10% | q0h",,A print expert can still go through it with you,Een printexpert kan het nog met je doornemen,Un expert en impression peut encore le revoir avec vous,Ein Druckexperte kann es noch mit Ihnen durchgehen,Un experto en impresión todavía puede repasarlo contigo,Un esperto di stampa può ancora rivederlo con te,,
order-03-high,q1b,"Abandoned order 3 HIGH value - +72h, expert plus 10% | q1b",,"The code comes off at the last step, so you see the final number before you commit to it.","De code gaat er bij de laatste stap af, zodat je het eindbedrag ziet voordat je je eraan vastlegt.","Le code s'applique à la dernière étape, vous voyez donc le montant final avant de vous engager.","Der Code wird im letzten Schritt abgezogen, so sehen Sie die Endsumme, bevor Sie sich festlegen.","El código se aplica en el último paso, así ves el importe final antes de comprometerte.","Il codice si applica all'ultimo passaggio, così vedi l'importo finale prima di impegnarti.",,
order-03-high,quick.0.b,"Abandoned order 3 HIGH value - +72h, expert plus 10% | quick.0.b",,"Reply to this email, or use the chat. Nothing about the order changes while you wait for an answer.","Antwoord op deze mail, of gebruik de chat. Er verandert niets aan de bestelling terwijl je op antwoord wacht.",Répondez à cet e-mail ou utilisez le chat. Rien ne change dans la commande pendant que vous attendez une réponse.,"Antworten Sie auf diese E-Mail oder nutzen Sie den Chat. An der Bestellung ändert sich nichts, während Sie auf Antwort warten.",Responde a este correo o usa el chat. Nada del pedido cambia mientras esperas respuesta.,Rispondi a questa email o usa la chat. Nulla dell'ordine cambia mentre aspetti una risposta.,,
order-03-high,quick.0.t,"Abandoned order 3 HIGH value - +72h, expert plus 10% | quick.0.t",,A print expert can still go through it with you,Een printexpert kan het nog steeds met je doornemen,Un expert peut encore le passer en revue avec vous,Ein Druckexperte kann es weiterhin mit Ihnen durchgehen,Un experto todavía puede repasarlo contigo,Un esperto può ancora vederlo con te,,
order-03-high,quick.1.b,"Abandoned order 3 HIGH value - +72h, expert plus 10% | quick.1.b",,"The code comes off at the last step, so you see the final number before you commit to it.","De code gaat er bij de laatste stap af, dus je ziet het eindbedrag voordat je je eraan vastlegt.",Le code s'applique à la dernière étape : vous voyez donc le montant final avant de vous engager.,"Der Code wird im letzten Schritt abgezogen, Sie sehen also den Endbetrag, bevor Sie sich festlegen.","El código se aplica en el último paso, así que ves la cifra final antes de comprometerte.","Il codice viene applicato all'ultimo passaggio, così vedi la cifra finale prima di impegnarti.",,
order-03-high,quick.1.t,"Abandoned order 3 HIGH value - +72h, expert plus 10% | quick.1.t",,Nothing is charged until you confirm,Er wordt niets afgeschreven tot je bevestigt,Rien n'est débité tant que vous n'avez pas confirmé,"Es wird nichts abgebucht, bis Sie bestätigen",No se cobra nada hasta que confirmes,Non viene addebitato nulla finché non confermi,,
order-03-high,sig,"Abandoned order 3 HIGH value - +72h, expert plus 10% | sig",,"John, print expert team","John, printexpert-team","John, équipe d'experts en impression","John, Druckexperten-Team","John, equipo de expertos en impresión","John, team esperti di stampa",,
order-03-high,stuck_h,"Abandoned order 3 HIGH value - +72h, expert plus 10% | stuck_h",,Stuck on something?,Loop je ergens op vast?,Bloqué sur quelque chose ?,Irgendwo hängen geblieben?,¿Atascado en algo?,Bloccato su qualcosa?,,
order-03-high,sub,"Abandoned order 3 HIGH value - +72h, expert plus 10% | line under the headline",&rsquo;,An order this size is worth ten minutes of someone else&rsquo;s time before you pay for it.,Een bestelling van deze omvang is tien minuten van iemand anders waard voordat je ervoor betaalt.,Une commande de cette taille mérite dix minutes du temps de quelqu'un d'autre avant de payer.,"Eine Bestellung dieser Größe ist zehn Minuten von jemand anderem wert, bevor Sie dafür zahlen.",Un pedido de este tamaño merece diez minutos del tiempo de otra persona antes de pagarlo.,Un ordine di queste dimensioni vale dieci minuti del tempo di qualcun altro prima di pagarlo.,,
order-03-high,worth,"Abandoned order 3 HIGH value - +72h, expert plus 10% | worth",&middot; &nbsp;,Worth at least {amt} on this basket &middot; expires 72&nbsp;hours after this email,Minstens {amt} waard op dit mandje &middot; verloopt 72&nbsp;uur na deze mail,Vaut au moins {amt} sur ce panier &middot; expire 72&nbsp;heures après cet e-mail,Mindestens {amt} wert auf diesen Warenkorb &middot; läuft 72&nbsp;Stunden nach dieser E-Mail ab,Vale al menos {amt} en esta cesta &middot; caduca 72&nbsp;horas después de este correo,Vale almeno {amt} su questo carrello &middot; scade 72&nbsp;ore dopo questa email,,
order-03-low,bar,"Abandoned order 3 LOW value - +72h, 25% capped | bar",25%,25% off your basket,25% korting op je mandje,25% de remise sur votre panier,25% Rabatt auf Ihren Warenkorb,25% de descuento en tu cesta,25% di sconto sul tuo carrello,,
order-03-low,done_b,"Abandoned order 3 LOW value - +72h, 25% capped | done_b",,"If the timing is wrong, no harm done, and we will stop emailing you about it. Your basket stays where it is for whenever the job comes back around.","Als het moment niet klopt, geen probleem, dan stoppen we met mailen hierover. Je mandje blijft staan voor wanneer de klus terugkomt.","Si le moment n'est pas le bon, pas de souci, nous arrêterons de vous écrire à ce sujet. Votre panier reste en place pour quand le projet reviendra.","Wenn der Zeitpunkt nicht passt, kein Problem, dann hören wir damit auf. Ihr Warenkorb bleibt stehen, falls der Auftrag wiederkommt.","Si no es el momento, no pasa nada, dejaremos de escribirte sobre esto. Tu cesta se queda donde está para cuando el trabajo vuelva.","Se il momento non è quello giusto, nessun problema, smetteremo di scriverti. Il tuo carrello resta lì per quando il lavoro tornerà.",,
order-03-low,done_h,"Abandoned order 3 LOW value - +72h, 25% capped | done_h",,And that is us done,En daarmee zijn wij klaar,"Et voilà, c'est terminé de notre côté",Und damit sind wir durch,Y con esto terminamos,E con questo abbiamo finito,,
order-03-low,ends,"Abandoned order 3 LOW value - +72h, 25% capped | ends",&nbsp;,ends in 24&nbsp;hours,verloopt over 24&nbsp;uur,expire dans 24&nbsp;heures,läuft in 24&nbsp;Stunden ab,caduca en 24&nbsp;horas,scade tra 24&nbsp;ore,,
order-03-low,eyebrow,"Abandoned order 3 LOW value - +72h, 25% capped | small green line above the headline",,LAST CALL,LAATSTE KANS,DERNIER APPEL,LETZTER AUFRUF,ÚLTIMA LLAMADA,ULTIMA CHIAMATA,,
order-03-low,h1,"Abandoned order 3 LOW value - +72h, 25% capped | main headline",&nbsp; 25%,"25% off, for the next 24&nbsp;hours","25% korting, de komende 24&nbsp;uur","25% de remise, pendant les 24&nbsp;prochaines heures","25% Rabatt, für die nächsten 24&nbsp;Stunden","25% de descuento, durante las próximas 24&nbsp;horas","25% di sconto, per le prossime 24&nbsp;ore",,
order-03-low,ord.last_email_basket,"Abandoned order 3 LOW value - +72h, 25% capped | ord.last_email_basket",,This is the last email we will send about this basket.,Dit is de laatste e-mail die we over dit mandje sturen.,C'est le dernier e-mail que nous enverrons au sujet de ce panier.,"Das ist die letzte E-Mail, die wir zu diesem Warenkorb senden.",Este es el último correo que enviaremos sobre esta cesta.,Questa è l'ultima email che invieremo su questo carrello.,,
order-03-low,ord.terms_capped,"Abandoned order 3 LOW value - +72h, 25% capped | ord.terms_capped",@@CAP@@,"{bar}, up to @@CAP@@ off. One use per customer, and it cannot be combined with another code.","{bar}, tot maximaal @@CAP@@ korting. Eén keer te gebruiken per klant, en niet te combineren met een andere code.","{bar}, jusqu'à @@CAP@@ de remise. Une seule utilisation par client, et non cumulable avec un autre code.","{bar}, bis maximal @@CAP@@ Rabatt. Einmal pro Kunde einlösbar und nicht mit einem anderen Code kombinierbar.","{bar}, hasta @@CAP@@ de descuento. Un solo uso por cliente, y no combinable con otro código.","{bar}, fino a @@CAP@@ di sconto. Un solo utilizzo per cliente, e non cumulabile con un altro codice.",,
order-03-low,pre,"Abandoned order 3 LOW value - +72h, 25% capped | hidden preheader - the inbox snippet",25%,"25% off, and then we will leave your basket alone.","25% korting, en daarna laten we je mandje met rust.","25% de remise, et ensuite nous laisserons votre panier tranquille.","25% Rabatt, und danach lassen wir Ihren Warenkorb in Ruhe.","25% de descuento, y después dejaremos tu cesta en paz.","25% di sconto, e poi lasceremo in pace il tuo carrello.",,
order-03-low,q0b,"Abandoned order 3 LOW value - +72h, 25% capped | q0b",,"The code comes off at the last step, so you can look at the final number before you commit to it.","De code gaat er bij de laatste stap af, zodat je naar het eindbedrag kunt kijken voordat je je eraan vastlegt.","Le code s'applique à la dernière étape, vous pouvez donc regarder le montant final avant de vous engager.","Der Code wird im letzten Schritt abgezogen, so können Sie die Endsumme ansehen, bevor Sie sich festlegen.","El código se aplica en el último paso, así puedes ver el importe final antes de comprometerte.","Il codice si applica all'ultimo passaggio, così puoi vedere l'importo finale prima di impegnarti.",,
order-03-low,q1b,"Abandoned order 3 LOW value - +72h, 25% capped | q1b",,"Quantity, delivery date, artwork. Placing it now does not lock the details.","Aantal, leverdatum, ontwerp. Nu bestellen zet de details niet vast.","Quantité, date de livraison, visuel. Commander maintenant ne fige pas les détails.","Menge, Liefertermin, Druckdatei. Jetzt zu bestellen legt die Details nicht fest.","Cantidad, fecha de entrega, diseño. Pedir ahora no bloquea los detalles.","Quantità, data di consegna, file. Ordinare ora non blocca i dettagli.",,
order-03-low,q1h,"Abandoned order 3 LOW value - +72h, 25% capped | q1h",,Anything in the order can still change,Alles in de bestelling kan nog veranderen,Tout dans la commande peut encore changer,Alles an der Bestellung kann sich noch ändern,Todo en el pedido puede cambiar aún,Tutto nell'ordine può ancora cambiare,,
order-03-low,runs_out,"Abandoned order 3 LOW value - +72h, 25% capped | runs_out",&nbsp;,The code runs out in 24&nbsp;hours,De code verloopt over 24&nbsp;uur,Le code expire dans 24&nbsp;heures,Der Code läuft in 24&nbsp;Stunden ab,El código caduca en 24&nbsp;horas,Il codice scade tra 24&nbsp;ore,,
order-03-low,saving,"Abandoned order 3 LOW value - +72h, 25% capped | saving",,That is at least {amt} off.,Dat is minstens {amt} korting.,Cela fait au moins {amt} de remise.,Das sind mindestens {amt} Rabatt.,Eso son al menos {amt} de descuento.,Sono almeno {amt} di sconto.,,
order-03-low,sub,"Abandoned order 3 LOW value - +72h, 25% capped | line under the headline",,at checkout and save at least {amt}. This is the last email we will send about this basket.,bij het afrekenen en bespaar minstens {amt}. Dit is de laatste mail die we over dit mandje sturen.,au paiement et économisez au moins {amt}. C'est le dernier e-mail que nous enverrons à propos de ce panier.,"beim Checkout und sparen Sie mindestens {amt}. Das ist die letzte E-Mail, die wir zu diesem Warenkorb schicken.",en el pago y ahorra al menos {amt}. Este es el último correo que enviaremos sobre esta cesta.,al checkout e risparmia almeno {amt}. Questa è l'ultima email che manderemo su questo carrello.,,
order-03-low,terms,"Abandoned order 3 LOW value - +72h, 25% capped | terms",&euro; 25%,"25% off your basket, up to &euro;25 off. One use per customer, and it cannot be combined with another code.","25% korting op je mandje, tot &euro;25 korting. Eén keer per klant te gebruiken, en niet te combineren met een andere code.","25% de remise sur votre panier, jusqu'à &euro;25 de remise. Une utilisation par client, non cumulable avec un autre code.","25% Rabatt auf Ihren Warenkorb, bis zu &euro;25 Rabatt. Eine Verwendung pro Kunde, nicht mit einem anderen Code kombinierbar.","25% de descuento en tu cesta, hasta &euro;25 de descuento. Un uso por cliente, y no se puede combinar con otro código.","25% di sconto sul tuo carrello, fino a &euro;25 di sconto. Un utilizzo per cliente, non cumulabile con altri codici.",,
post-01-review,band_b,post-01-review | band_b,,Tell us before you rate us. Reply to this email and it reaches a print expert who can chase the order or put it right.,Zeg het ons voordat je ons beoordeelt. Antwoord op deze mail en je bericht komt bij een printexpert die de bestelling kan nazoeken of het recht kan zetten.,Dites-le-nous avant de nous noter. Répondez à cet e-mail : votre message arrive chez un expert qui peut relancer la commande ou corriger le tir.,"Sagen Sie es uns, bevor Sie uns bewerten. Antworten Sie auf diese E-Mail, dann landet sie bei einem Druckexperten, der die Bestellung nachverfolgen oder das Problem lösen kann.",Dínoslo antes de valorarnos. Responde a este correo y llegará a un experto en impresión que puede seguir el pedido o arreglarlo.,Diccelo prima di valutarci. Rispondi a questa email e arriverà a un esperto di stampa che può sollecitare l'ordine o sistemare le cose.,,
post-01-review,band_h,post-01-review | band_h,,"Still waiting, or something not right?","Nog aan het wachten, of klopt er iets niet?","Toujours en attente, ou quelque chose ne va pas ?","Warten Sie noch, oder stimmt etwas nicht?","¿Sigues esperando, o algo no está bien?","Stai ancora aspettando, o qualcosa non va?",,
post-01-review,eyebrow,post-01-review | small green line above the headline,,ABOUT A MINUTE,ONGEVEER EEN MINUUT,UNE MINUTE ENVIRON,ETWA EINE MINUTE,UN MINUTO APROXIMADAMENTE,CIRCA UN MINUTO,,
post-01-review,h1,post-01-review | main headline,,Would you tell other businesses how it went?,Wil je andere bedrijven vertellen hoe het ging?,Diriez-vous à d'autres entreprises comment ça s'est passé ?,"Erzählen Sie anderen Unternehmen, wie es gelaufen ist?",¿Le cuentas a otras empresas cómo fue?,Racconti ad altre aziende com'è andata?,,
post-01-review,hero_alt,post-01-review | hero_alt,,A printed flyer tucked under the wiper of a dark green car,Een bedrukte flyer onder de ruitenwisser van een donkergroene auto,Un flyer imprimé glissé sous l'essuie-glace d'une voiture vert foncé,Ein bedruckter Flyer unter dem Scheibenwischer eines dunkelgrünen Autos,Un flyer impreso bajo el limpiaparabrisas de un coche verde oscuro,Un volantino stampato sotto il tergicristallo di un'auto verde scuro,,
post-01-review,pre,post-01-review | hidden preheader - the inbox snippet,,"A minute on Trustpilot, if you can spare it.","Een minuutje op Trustpilot, als je die hebt.","Une minute sur Trustpilot, si vous en avez une.","Eine Minute auf Trustpilot, wenn Sie eine übrig haben.","Un minuto en Trustpilot, si lo tienes.","Un minuto su Trustpilot, se ce l'hai.",,
post-01-review,sub,post-01-review | line under the headline,,"A service review: how ordering went, how it turned up, and what we were like to deal with. It helps the next business work out who to print with, and it takes about a minute.","Een servicebeoordeling: hoe het bestellen ging, hoe het aankwam en hoe wij waren om mee te werken. Het helpt het volgende bedrijf kiezen waar ze laten drukken, en het kost ongeveer een minuut.","Un avis sur le service : comment s'est passée la commande, comment elle est arrivée, et comment nous avons été. Cela aide l'entreprise suivante à choisir son imprimeur, et ça prend environ une minute.","Eine Bewertung des Service: wie die Bestellung lief, wie sie ankam und wie die Zusammenarbeit war. Das hilft dem nächsten Unternehmen bei der Wahl der Druckerei und dauert etwa eine Minute.","Una opinión sobre el servicio: cómo fue el pedido, cómo llegó y cómo fue tratar con nosotros. Ayuda a la siguiente empresa a decidir con quién imprimir, y lleva más o menos un minuto.","Una recensione sul servizio: com'è andato l'ordine, com'è arrivato e come siamo stati da trattare. Aiuta l'azienda successiva a scegliere con chi stampare, e richiede circa un minuto.",,
post-02-reminder,band_b,post-02-reminder | band_b,,Tell us before you rate us. Reply to this email and it reaches a print expert who can put it right.,Zeg het ons voordat je ons beoordeelt. Antwoord op deze mail en je bericht komt bij een printexpert die het recht kan zetten.,Dites-le-nous avant de nous noter. Répondez à cet e-mail : votre message arrive chez un expert qui peut corriger le tir.,"Sagen Sie es uns, bevor Sie uns bewerten. Antworten Sie auf diese E-Mail, dann landet sie bei einem Druckexperten, der das Problem lösen kann.",Dínoslo antes de valorarnos. Responde a este correo y llegará a un experto en impresión que puede arreglarlo.,Diccelo prima di valutarci. Rispondi a questa email e arriverà a un esperto di stampa che può sistemare le cose.,,
post-02-reminder,band_h,post-02-reminder | band_h,,Something not right?,Klopt er iets niet?,Quelque chose ne va pas ?,Stimmt etwas nicht?,¿Algo no está bien?,Qualcosa non va?,,
post-02-reminder,eyebrow,post-02-reminder | small green line above the headline,,STILL A MINUTE,NOG STEEDS EEN MINUUT,TOUJOURS UNE MINUTE,IMMER NOCH EINE MINUTE,SIGUE SIENDO UN MINUTO,SEMPRE UN MINUTO,,
post-02-reminder,h1,post-02-reminder | main headline,&nbsp; &rsquo;,Nobody takes a printer&rsquo;s word for&nbsp;it,Niemand gelooft een drukker op zijn&nbsp;woord,Personne ne croit un imprimeur sur&nbsp;parole,Keiner glaubt einer Druckerei aufs&nbsp;Wort,Nadie se fía de la palabra de una&nbsp;imprenta,Nessuno crede a una tipografia sulla&nbsp;parola,,
post-02-reminder,hero_alt,post-02-reminder | hero_alt,,Printed business cards resting on a leather chair,Bedrukte visitekaartjes op een leren stoel,Des cartes de visite imprimées posées sur un fauteuil en cuir,Bedruckte Visitenkarten auf einem Ledersessel,Tarjetas de visita impresas sobre un sillón de piel,Biglietti da visita stampati su una poltrona in pelle,,
post-02-reminder,pre,post-02-reminder | hidden preheader - the inbox snippet,,A line about how it went carries further than our own marketing.,Eén zin over hoe het ging telt zwaarder dan onze eigen marketing.,Une ligne sur la façon dont ça s'est passé pèse plus que notre propre marketing.,"Eine Zeile darüber, wie es lief, wiegt mehr als unser eigenes Marketing.",Una línea sobre cómo fue pesa más que nuestro propio marketing.,Una riga su com'è andata conta più del nostro marketing.,,
post-02-reminder,sub,post-02-reminder | line under the headline,,"They read the reviews. If ordering with us went well, a line from you carries further than anything we could say about ourselves.","Ze lezen de reviews. Als het bestellen bij ons goed ging, telt één zin van jou zwaarder dan alles wat wij over onszelf kunnen zeggen.","Ils lisent les avis. Si votre commande s'est bien passée, une ligne de votre part pèse plus lourd que tout ce que nous pourrions dire de nous-mêmes.","Man liest die Bewertungen. Wenn Ihre Bestellung gut lief, wiegt eine Zeile von Ihnen mehr als alles, was wir über uns selbst sagen könnten.","La gente lee las opiniones. Si tu pedido salió bien, una línea tuya pesa más que cualquier cosa que podamos decir de nosotros mismos.","Le recensioni le leggono. Se il tuo ordine è andato bene, una riga tua conta più di qualsiasi cosa possiamo dire di noi stessi.",,
post-04-expert,closing,post-04-expert | closing,,Just reply to this email. It comes to me.,Antwoord gewoon op deze mail. Hij komt bij mij binnen.,Répondez simplement à cet e-mail. Il arrive chez moi.,Antworten Sie einfach auf diese E-Mail. Sie landet bei mir.,Responde a este correo sin más. Me llega a mí.,Rispondi semplicemente a questa email. Arriva a me.,,
post-04-expert,greet_named,post-04-expert | greet_named,,"Hi {{ first_name }},","Hoi {{ first_name }},","Bonjour {{ first_name }},","Hallo {{ first_name }},",Hola {{ first_name }}:,"Ciao {{ first_name }},",,
post-04-expert,greet_plain,post-04-expert | greet_plain,,"Hi there,","Hoi,","Bonjour,","Hallo,",Hola:,"Ciao,",,
post-04-expert,link,post-04-expert | link,,Or start from the catalogue,Of begin bij de catalogus,Ou partez du catalogue,Oder starten Sie im Katalog,O empieza por el catálogo,Oppure parti dal catalogo,,
post-04-expert,offer.0.b,post-04-expert | offer.0.b,,Send it over and I will look at it before it goes anywhere.,"Stuur het door, dan kijk ik ernaar voordat het ergens heen gaat.",Envoyez-le-moi et je le regarde avant qu'il parte où que ce soit.,"Schicken Sie sie mir, dann sehe ich sie mir an, bevor sie irgendwohin geht.",Envíamelo y le echo un vistazo antes de que vaya a ninguna parte.,Mandamelo e ci do un'occhiata prima che vada da qualche parte.,,
post-04-expert,offer.0.t,post-04-expert | offer.0.t,,Not sure about a file?,Twijfel je over een bestand?,Un doute sur un fichier ?,Unsicher bei einer Datei?,¿Dudas con un archivo?,Hai dubbi su un file?,,
post-04-expert,offer.1.b,post-04-expert | offer.1.b,,Tell me what it is and I will find out who makes it.,"Zeg me wat het is, dan zoek ik uit wie het maakt.",Dites-moi ce que c'est et je trouverai qui le fabrique.,"Sagen Sie mir, was es ist, dann finde ich heraus, wer es herstellt.",Dime qué es y averiguo quién lo fabrica.,Dimmi cos'è e scopro chi lo produce.,,
post-04-expert,offer.1.t,post-04-expert | offer.1.t,,Need something we do not sell?,Zoek je iets dat wij niet verkopen?,Besoin de quelque chose que nous ne vendons pas ?,"Brauchen Sie etwas, das wir nicht führen?",¿Necesitas algo que no vendemos?,Ti serve qualcosa che non vendiamo?,,
post-04-expert,offer.2.b,post-04-expert | offer.2.b,,I will price it at a few quantities. The step up is usually smaller than people expect.,Ik reken het door voor een paar aantallen. De stap omhoog valt meestal kleiner uit dan mensen denken.,Je vous chiffre plusieurs quantités. L'écart est en général plus petit qu'on ne l'imagine.,"Ich rechne es Ihnen für mehrere Mengen durch. Der Sprung ist meistens kleiner, als man denkt.",Te lo calculo para varias cantidades. El salto suele ser menor de lo que la gente espera.,Te lo quoto su più quantità. Il salto di solito è più piccolo di quanto si pensi.,,
post-04-expert,offer.2.t,post-04-expert | offer.2.t,,Not sure how many to order?,Weet je niet hoeveel je moet bestellen?,Vous ne savez pas quelle quantité commander ?,"Unsicher, wie viele Sie bestellen sollen?",¿No sabes cuántos pedir?,Non sai quanti ordinarne?,,
post-04-expert,offer.3.b,post-04-expert | offer.3.b,,Tell me where it is going and I will tell you what to print it on.,"Zeg me waar het komt te hangen of staan, dan zeg ik waarop we het moeten drukken.",Dites-moi où ça va et je vous dirai sur quoi l'imprimer.,"Sagen Sie mir, wo es hinkommt, dann sage ich Ihnen, worauf wir es drucken.",Dime dónde va a estar y te digo sobre qué imprimirlo.,Dimmi dove andrà e ti dico su cosa stamparlo.,,
post-04-expert,offer.3.t,post-04-expert | offer.3.t,,Not sure it will last?,Twijfel je of het lang meegaat?,Vous doutez que ça tienne ?,"Unsicher, ob es hält?",¿Dudas si aguantará?,Non sei sicuro che duri?,,
post-04-expert,opening.0,post-04-expert | opening.0,,"I am John, one of the print experts here. I am not selling you anything. I wanted to introduce myself properly, because it is a great deal easier to help before an order than after one.","Ik ben John, een van de printexperts hier. Ik verkoop je niets. Ik wilde me even goed voorstellen, want het is een stuk makkelijker om te helpen vóór een bestelling dan erna.","Je suis John, un des experts en impression ici. Je ne vous vends rien. Je voulais me présenter correctement, parce qu'il est bien plus simple d'aider avant une commande qu'après.","Ich bin John, einer der Druckexperten hier. Ich will Ihnen nichts verkaufen. Ich wollte mich richtig vorstellen, weil es sehr viel einfacher ist, vor einer Bestellung zu helfen als danach.","Soy John, uno de los expertos en impresión de aquí. No te vengo a vender nada. Quería presentarme como es debido, porque ayudar antes de un pedido es mucho más fácil que después.","Sono John, uno degli esperti di stampa qui. Non ti sto vendendo nulla. Volevo presentarmi come si deve, perché aiutare prima di un ordine è molto più facile che dopo.",,
post-04-expert,opening.1,post-04-expert | opening.1,,"How did the last job turn out? If something was not right, tell me and I will sort it out.","Hoe is de vorige opdracht geworden? Als er iets niet klopte, zeg het me en ik regel het.","Comment s'est passé le dernier travail ? Si quelque chose n'allait pas, dites-le-moi et je m'en occupe.","Wie ist der letzte Auftrag geworden? Wenn etwas nicht gestimmt hat, sagen Sie es mir, dann kläre ich das.","¿Cómo salió el último trabajo? Si algo no estuvo bien, dímelo y lo soluciono.","Com'è venuto l'ultimo lavoro? Se qualcosa non andava, dimmelo e me ne occupo.",,
post-04-expert,opening.2,post-04-expert | opening.2,,"And if you have anything coming up, I would rather hear about it early. Some of what I can take off your hands:","En als je iets op de planning hebt staan, hoor ik het liever vroeg. Een paar dingen die ik uit handen kan nemen:","Et si vous avez quelque chose de prévu, je préfère l'apprendre tôt. Voici ce dont je peux vous décharger :","Und wenn bei Ihnen etwas ansteht, höre ich lieber früh davon. Ein paar Dinge, die ich Ihnen abnehmen kann:","Y si tienes algo en marcha, prefiero saberlo pronto. Algunas cosas de las que puedo encargarme:","E se hai qualcosa in programma, preferisco saperlo per tempo. Alcune cose di cui posso occuparmi io:",,
post-04-expert,pre,post-04-expert | hidden preheader - the inbox snippet,,How did the last job turn out?,Hoe is de vorige opdracht geworden?,Comment s'est passé le dernier travail ?,Wie ist der letzte Auftrag geworden?,¿Cómo salió el último trabajo?,Com'è venuto l'ultimo lavoro?,,
post-04-expert,unsub_after,post-04-expert | unsub_after,, and I will take you off the list., en ik haal je van de lijst., et je vous retire de la liste., und ich nehme Sie von der Liste., y te quito de la lista., e ti tolgo dalla lista.,,
post-04-expert,unsub_before,post-04-expert | unsub_before,,"And if you would rather not hear from me again, ","En als je liever niets meer van me hoort, ","Et si vous préférez ne plus avoir de mes nouvelles, ","Und wenn Sie lieber nichts mehr von mir hören möchten, ","Y si prefieres no saber más de mí, ","E se preferisci non sentirmi più, ",,
post-04-expert,unsub_label,post-04-expert | unsub_label,,just say the word,zeg het gerust,dites-le simplement,sagen Sie einfach Bescheid,dilo sin más,basta dirlo,,
post-05-offer,eyebrow,post-05-offer | small green line above the headline,10%,10% OFF YOUR NEXT ORDER,10% KORTING OP JE VOLGENDE BESTELLING,10% DE REMISE SUR VOTRE PROCHAINE COMMANDE,10% RABATT AUF IHRE NÄCHSTE BESTELLUNG,10% DE DESCUENTO EN TU PRÓXIMO PEDIDO,10% DI SCONTO SUL PROSSIMO ORDINE,,
post-05-offer,h1,post-05-offer | main headline,10%,Something coming up? This takes 10% off it,Staat er iets op de planning? Hier gaat 10% af,Un projet en vue ? Voici 10% de moins dessus,Steht etwas an? Damit sind es 10% weniger,¿Tienes algo en marcha? Esto le quita un 10%,Hai qualcosa in programma? Questo te lo sconta del 10%,,
post-05-offer,hero_alt,post-05-offer | hero_alt,,A roller banner in an office lobby as somebody walks past,Een roll-up banner in een kantoorhal terwijl iemand voorbijloopt,Un roll-up dans un hall de bureau pendant que quelqu'un passe,"Ein Roll-up in einer Bürolobby, während jemand vorbeigeht",Un roll-up en el vestíbulo de una oficina mientras alguien pasa,Un roll-up nella hall di un ufficio mentre qualcuno passa,,
post-05-offer,pre,post-05-offer | hidden preheader - the inbox snippet,,"Your code is inside, and it is good for 14 days.","Je code zit erin, en hij is 14 dagen geldig.","Votre code est à l'intérieur, valable 14 jours.",Ihr Code steht drin und gilt 14 Tage.,"Tu código está dentro, y vale 14 días.","Il tuo codice è qui dentro, valido 14 giorni.",,
post-05-offer,sub,post-05-offer | line under the headline,,"You have not printed with us for a couple of months, so here is a reason to. The code below is yours.","Je hebt een paar maanden niets bij ons laten drukken, dus hier is een reden. De code hieronder is van jou.","Vous n'avez rien imprimé chez nous depuis quelques mois, alors voici une raison de le faire. Le code ci-dessous est le vôtre.","Sie haben seit ein paar Monaten nichts bei uns drucken lassen, hier ist also ein Grund dafür. Der Code unten gehört Ihnen.","Hace un par de meses que no imprimes con nosotros, así que aquí tienes un motivo. El código de abajo es tuyo.","Non stampi con noi da un paio di mesi, quindi ecco un motivo per farlo. Il codice qui sotto è tuo.",,
post-06-lastday,eyebrow,post-06-lastday | small green line above the headline,,LAST DAY,LAATSTE DAG,DERNIER JOUR,LETZTER TAG,ÚLTIMO DÍA,ULTIMO GIORNO,,
post-06-lastday,h1,post-06-lastday | main headline,10%,Today is the last day for your 10%,Vandaag is de laatste dag voor je 10%,Aujourd'hui est le dernier jour pour vos 10%,Heute ist der letzte Tag für Ihre 10%,Hoy es el último día para tu 10%,Oggi è l'ultimo giorno per il tuo 10%,,
post-06-lastday,hero_alt,post-06-lastday | hero_alt,,A printed booklet resting on a dark blue sofa,Een bedrukt boekje op een donkerblauwe bank,Un livret imprimé posé sur un canapé bleu foncé,Eine bedruckte Broschüre auf einem dunkelblauen Sofa,Un folleto impreso sobre un sofá azul oscuro,Un opuscolo stampato su un divano blu scuro,,
post-06-lastday,pre,post-06-lastday | hidden preheader - the inbox snippet,,Last day on your code.,Laatste dag voor je code.,Dernier jour pour votre code.,Letzter Tag für Ihren Code.,Último día para tu código.,Ultimo giorno per il tuo codice.,,
post-06-lastday,sub,post-06-lastday | line under the headline,,"After today the code stops working. Whatever you were thinking of printing, this is the moment it is cheapest.","Na vandaag werkt de code niet meer. Wat je ook van plan was te laten drukken, dit is het moment dat het het goedkoopst is.","Après aujourd'hui, le code ne fonctionne plus. Quoi que vous envisagiez d'imprimer, c'est le moment où c'est le moins cher.",Nach heute funktioniert der Code nicht mehr. Was Sie auch drucken wollten: Jetzt ist es am günstigsten.,"Después de hoy el código deja de funcionar. Sea lo que sea que pensabas imprimir, este es el momento más barato.","Dopo oggi il codice smette di funzionare. Qualunque cosa pensassi di stampare, questo è il momento in cui costa meno.",,
signage-outdoor,block.body,signage-outdoor | block.body,,"They roll into their own case, go up in seconds, and come back out for the next event. One order that keeps earning.","Ze rollen in hun eigen koffer, staan in seconden en komen er bij het volgende evenement weer uit. Eén bestelling die zich blijft terugbetalen.","Ils s'enroulent dans leur propre housse, se montent en quelques secondes et ressortent pour l'événement suivant. Une commande qui continue de rapporter.","Sie rollen sich in ihre eigene Tasche, stehen in Sekunden und kommen beim nächsten Event wieder heraus. Eine Bestellung, die sich weiter auszahlt.","Se enrollan en su propia funda, se montan en segundos y vuelven a salir en el siguiente evento. Un pedido que sigue rindiendo.","Si arrotolano nella propria custodia, si montano in pochi secondi e riescono per l'evento successivo. Un ordine che continua a rendere.",,
signage-outdoor,block.title,signage-outdoor | block.title,,Roller banners travel,Roll-ups reizen mee,Les roll-ups voyagent,Roll-ups reisen mit,Los roll-ups viajan,I roll-up viaggiano,,
signage-outdoor,body.Banners,signage-outdoor | body.Banners,,"For a fence, a scaffold or the front of a building. Hemmed and eyeleted, so it goes up with cable ties and comes down in one piece for the next time.","Voor een hek, een steiger of een gevel. Gezoomd en van ringen voorzien, dus hij gaat omhoog met tiewraps en komt er in één stuk weer af voor de volgende keer.","Pour une clôture, un échafaudage ou une façade. Ourlée et œilletée, elle se pose avec des colliers et se retire d'une pièce pour la fois suivante.","Für einen Zaun, ein Gerüst oder eine Fassade. Gesäumt und geöst, also mit Kabelbindern angebracht und für das nächste Mal am Stück wieder abgenommen.","Para una valla, un andamio o una fachada. Con dobladillo y ojales, se cuelga con bridas y se retira de una pieza para la próxima vez.","Per una recinzione, un ponteggio o una facciata. Con orlo e occhielli, si monta con le fascette e si toglie tutto intero per la volta dopo.",,
signage-outdoor,body.Signage & Panels,signage-outdoor | body.Signage & Panels,,"Foamex indoors or under cover, aluminium where it has to take weather and years of it. Tell us where the sign is going and we will match the material to it.","Foamex binnen of onder een afdak, aluminium waar het weer en wind jarenlang moet doorstaan. Vertel waar het bord komt te hangen en wij kiezen het materiaal erbij.","Le Foamex à l'intérieur ou à l'abri, l'aluminium là où il faut tenir les intempéries pendant des années. Dites-nous où ira le panneau et nous choisirons la matière.","Foamex drinnen oder überdacht, Aluminium dort, wo es Wetter und Jahre aushalten muss. Sagen Sie uns, wo das Schild hin soll, dann wählen wir das Material dazu.","Foamex en interior o bajo cubierta, aluminio donde tenga que aguantar la intemperie durante años. Dinos dónde va el cartel y elegimos el material que le corresponde.","Foamex all'interno o al coperto, alluminio dove deve reggere le intemperie per anni. Dicci dove andrà l'insegna e scegliamo il materiale adatto.",,
signage-outdoor,eyebrow,signage-outdoor | small green line above the headline,&amp;,SIGNAGE &amp; OUTDOOR,SIGNING &amp; BUITENRECLAME,SIGNALÉTIQUE &amp; EXTÉRIEUR,BESCHILDERUNG &amp; AUSSENWERBUNG,RÓTULOS &amp; EXTERIOR,INSEGNE &amp; ESTERNI,,
signage-outdoor,grid_h,signage-outdoor | grid_h,&amp;,More in Signage &amp; Outdoor,Meer in Signing &amp; Buitenreclame,Plus en Signalétique &amp; Extérieur,Mehr in Beschilderung &amp; Außenwerbung,Más en Rótulos &amp; Exterior,Altro in Insegne &amp; Esterni,,
signage-outdoor,grid_sub,signage-outdoor | grid_sub,,Two more that go up quickly and come back out for the next one.,Nog twee die snel staan en er bij de volgende keer weer uit komen.,Deux autres qui se montent vite et ressortent pour la fois suivante.,"Zwei weitere, die schnell stehen und beim nächsten Mal wieder rauskommen.",Dos más que se montan rápido y vuelven a salir la próxima vez.,Altri due che si montano in fretta e tornano fuori la volta dopo.,,
signage-outdoor,h1,signage-outdoor | main headline,,"For the next event, or the front of the building?","Voor het volgende evenement, of voor de gevel?","Pour le prochain événement, ou pour la façade ?",Für das nächste Event oder für die Fassade?,"¿Para el próximo evento, o para la fachada?",Per il prossimo evento o per la facciata?,,
signage-outdoor,hero_alt,signage-outdoor | hero_alt,,Three printed flags flying on masts against a bright sky,Drie bedrukte vlaggen aan masten tegen een heldere lucht,Trois drapeaux imprimés sur des mâts devant un ciel lumineux,Drei bedruckte Fahnen an Masten vor hellem Himmel,Tres banderas impresas en mástiles contra un cielo despejado,Tre bandiere stampate su pennoni contro un cielo limpido,,
signage-outdoor,pre,signage-outdoor | hidden preheader - the inbox snippet,,"Signs, flags and banners, for a day out or a decade.","Borden, vlaggen en spandoeken, voor één dag of tien jaar.","Panneaux, drapeaux et banderoles, pour une journée ou dix ans.","Schilder, Fahnen und Banner, für einen Tag oder zehn Jahre.","Carteles, banderas y lonas, para un día o para diez años.","Insegne, bandiere e striscioni, per un giorno o per dieci anni.",,
signage-outdoor,sect_h,signage-outdoor | section heading,,Where most signage starts,Waar de meeste signing begint,Par où commence la plupart de la signalétique,Womit die meiste Beschilderung anfängt,Por dónde empieza la mayoría de la rotulación,Da dove parte la maggior parte delle insegne,,
signage-outdoor,sect_sub,signage-outdoor | line under the section heading,,The two formats businesses order most when something has to be read from a distance.,De twee formaten die bedrijven het meest bestellen als iets van een afstand leesbaar moet zijn.,Les deux formats que les entreprises commandent le plus quand il faut lire de loin.,"Die zwei Formate, die Unternehmen am häufigsten bestellen, wenn etwas aus der Ferne lesbar sein muss.",Los dos formatos que más piden las empresas cuando algo tiene que leerse desde lejos.,I due formati che le aziende ordinano di più quando qualcosa deve leggersi da lontano.,,
signage-outdoor,sub,signage-outdoor | line under the headline,,"Signs, flags and banners, built for one afternoon outdoors or several years of it.","Borden, vlaggen en spandoeken, gemaakt voor één middag buiten of voor jaren.","Panneaux, drapeaux et banderoles, faits pour un après-midi dehors ou pour des années.","Schilder, Fahnen und Banner, gemacht für einen Nachmittag draußen oder für Jahre.","Carteles, banderas y lonas, hechos para una tarde al aire libre o para años.","Insegne, bandiere e striscioni, fatti per un pomeriggio all'aperto o per anni.",,
stationery,block.body,stationery | block.body,,"Letterheads, envelopes and notepads only look like a set if the colour matches on all three. Send them together and we will keep them consistent rather than treating them as separate jobs.","Briefpapier, enveloppen en notitieblokken zien er alleen uit als een set als de kleur op alle drie klopt. Stuur ze samen, dan houden wij ze gelijk in plaats van ze als losse opdrachten te behandelen.","Papier en-tête, enveloppes et blocs-notes ne forment une série que si la couleur est identique sur les trois. Envoyez-les ensemble et nous les garderons cohérents au lieu de les traiter comme des commandes séparées.","Briefpapier, Umschläge und Blöcke wirken nur als Set, wenn die Farbe auf allen dreien stimmt. Schicken Sie sie zusammen, dann halten wir sie einheitlich, statt sie als getrennte Aufträge zu behandeln.","El papel de carta, los sobres y los blocs solo parecen un conjunto si el color coincide en los tres. Envíalos juntos y los mantendremos iguales en lugar de tratarlos como pedidos separados.","Carta intestata, buste e blocchi sembrano un set solo se il colore coincide su tutti e tre. Mandaceli insieme e li terremo uguali, invece di trattarli come ordini separati.",,
stationery,block.title,stationery | block.title,,Print the set as one job,Druk de set als één opdracht,Imprimez la série en une seule commande,Drucken Sie das Set als einen Auftrag,Imprime el conjunto en un solo pedido,Stampa il set in un unico ordine,,
stationery,body.Envelopes,stationery | body.Envelopes,,"Your name on the outside, so post does not arrive anonymous. Windowed or plain, and in the sizes that fit the letterheads you already print.","Je naam op de buitenkant, zodat post niet anoniem aankomt. Met venster of zonder, en in de maten die passen bij het briefpapier dat je al laat drukken.","Votre nom à l'extérieur, pour que le courrier n'arrive pas anonyme. Avec ou sans fenêtre, et dans les formats qui vont avec le papier en-tête que vous imprimez déjà.","Ihr Name außen, damit Post nicht anonym ankommt. Mit oder ohne Fenster, und in den Formaten, die zu Ihrem vorhandenen Briefpapier passen.","Tu nombre por fuera, para que el correo no llegue anónimo. Con ventana o sin ella, y en los tamaños que encajan con el papel de carta que ya imprimes.","Il tuo nome all'esterno, così la posta non arriva anonima. Con o senza finestra, e nei formati che vanno con la carta intestata che già stampi.",,
stationery,body.Notepads,stationery | body.Notepads,,"Glued at the head so a sheet tears off clean, printed on every sheet or just the top one. Worth pricing the next quantity up before you order: the difference is rarely what you expect.","Aan de kop gelijmd zodat een vel er netjes af scheurt, bedrukt op elk vel of alleen op het bovenste. Reken het volgende aantal even door voor je bestelt: het verschil valt zelden uit zoals je denkt.","Collés en tête pour que la feuille se détache proprement, imprimés sur chaque feuille ou seulement sur la première. Regardez le prix de la quantité au-dessus avant de commander : l'écart est rarement celui qu'on imagine.","Am Kopf geleimt, damit sich ein Blatt sauber abtrennt, bedruckt auf jedem Blatt oder nur auf dem obersten. Rechnen Sie vor der Bestellung die nächstgrößere Menge durch: Der Unterschied fällt selten so aus, wie man denkt.","Encolados por la cabecera para que la hoja se arranque limpia, impresos en todas las hojas o solo en la primera. Mira el precio de la cantidad siguiente antes de pedir: la diferencia rara vez es la que esperas.","Incollati in testa così il foglio si stacca pulito, stampati su ogni foglio o solo sul primo. Guarda il prezzo della quantità successiva prima di ordinare: la differenza raramente è quella che immagini.",,
stationery,eyebrow,stationery | small green line above the headline,,BUSINESS STATIONERY,ZAKELIJK DRUKWERK,PAPETERIE D'ENTREPRISE,GESCHÄFTSAUSSTATTUNG,PAPELERÍA DE EMPRESA,CARTA E BUSTE AZIENDALI,,
stationery,grid_h,stationery | grid_h,,The rest of the set,De rest van de set,Le reste de la série,Der Rest des Sets,El resto del conjunto,Il resto del set,,
stationery,grid_sub,stationery | grid_sub,,Two more that tend to go in the same order.,Nog twee die meestal in dezelfde bestelling zitten.,Deux autres qui partent souvent dans la même commande.,"Zwei weitere, die meistens mitbestellt werden.",Dos más que suelen ir en el mismo pedido.,Altri due che di solito vanno nello stesso ordine.,,
stationery,h1,stationery | main headline,,Running low on office stationery?,Raakt je kantoordrukwerk op?,Vos fournitures de bureau s'épuisent ?,Geht Ihre Geschäftsausstattung zur Neige?,¿Se te está acabando la papelería?,Stai finendo la carta intestata?,,
stationery,hero_alt,stationery | hero_alt,,"A printed letterhead, business cards, a branded envelope and two pens on a table","Bedrukt briefpapier, visitekaartjes, een bedrukte envelop en twee pennen op tafel","Du papier en-tête imprimé, des cartes de visite, une enveloppe personnalisée et deux stylos sur une table","Bedrucktes Briefpapier, Visitenkarten, ein bedruckter Umschlag und zwei Stifte auf einem Tisch","Papel de carta impreso, tarjetas de visita, un sobre personalizado y dos bolígrafos sobre una mesa","Carta intestata stampata, biglietti da visita, una busta personalizzata e due penne su un tavolo",,
stationery,pre,stationery | hidden preheader - the inbox snippet,,"The print that runs out quietly, and what to top up.","Het drukwerk dat ongemerkt opraakt, en wat je moet bijbestellen.","Les imprimés qui s'épuisent sans bruit, et ce qu'il faut recommander.","Die Drucksachen, die unbemerkt ausgehen, und was Sie nachbestellen sollten.","El material impreso que se acaba sin avisar, y qué reponer.","La stampa che finisce senza farsi notare, e cosa riordinare.",,
stationery,sect_h,stationery | section heading,,Where most reorders start,Waar de meeste nabestellingen beginnen,Par où commencent la plupart des réassorts,Womit die meisten Nachbestellungen anfangen,Por dónde empiezan la mayoría de las reposiciones,Da dove parte la maggior parte dei riordini,,
stationery,sect_sub,stationery | line under the section heading,,"The two that run out first, and what usually goes in the same order.","De twee die het eerst opraken, en wat er meestal bij besteld wordt.","Les deux qui s'épuisent en premier, et ce qui part généralement dans la même commande.","Die zwei, die zuerst ausgehen, und was meistens mitbestellt wird.","Los dos que se acaban antes, y lo que suele ir en el mismo pedido.","I due che finiscono per primi, e cosa di solito va nello stesso ordine.",,
stationery,sub,stationery | line under the headline,,"Letterheads, envelopes and notepads, in quantities that last a while without filling a cupboard.","Briefpapier, enveloppen en notitieblokken, in aantallen die lang meegaan zonder je kast te vullen.","Papier en-tête, enveloppes et blocs-notes, en quantités qui durent sans encombrer le placard.","Briefpapier, Umschläge und Blöcke, in Mengen, die lange reichen, ohne den Schrank zu füllen.","Papel de carta, sobres y blocs, en cantidades que duran sin llenarte el armario.","Carta intestata, buste e blocchi, in quantità che durano senza riempire l'armadio.",,
welcome-01,alt_office,"Welcome 1 - day 0, has the code | alt_office",,The Helloprint team in the office,Het Helloprint-team op kantoor,L'équipe Helloprint au bureau,Das Helloprint-Team im Büro,El equipo de Helloprint en la oficina,Il team Helloprint in ufficio,,Helloprint-teamet på kontoret
welcome-01,code_line,"Welcome 1 - day 0, has the code | note under the code",&middot; 10% @@CAP@@,"10% off your first order, up to @@CAP@@ &middot; expires in 5 days","10% korting op je eerste order, tot @@CAP@@ &middot; nog 5 dagen geldig","10% sur votre première commande, jusqu'à @@CAP@@ &middot; valable 5 jours","10% auf Ihre erste Bestellung, bis zu @@CAP@@ &middot; nur 5 Tage gültig","10% en tu primer pedido, hasta @@CAP@@ &middot; válido 5 días","10% sul tuo primo ordine, fino a @@CAP@@ &middot; valido 5 giorni",,"10 % rabatt på din första order, upp till @@CAP@@ &middot; giltig i 5 dagar"
welcome-01,codelbl,"Welcome 1 - day 0, has the code | label above the code, inside the dashed box",,YOUR CODE,JOUW CODE,VOTRE CODE,IHR CODE,TU CÓDIGO,IL TUO CODICE,,DIN KOD
welcome-01,cta,"Welcome 1 - day 0, has the code | button",,Start your first order,Bestel je eerste drukwerk,Passer ma première commande,Erste Bestellung aufgeben,Hacer mi primer pedido,Fai il tuo primo ordine,,Lägg din första order
welcome-01,ctanote,"Welcome 1 - day 0, has the code | small line under the button",,Use it at checkout on anything in the range.,"Gebruik hem bij het afrekenen, op alles uit het assortiment.","À utiliser au moment du paiement, sur tout le catalogue.",Beim Bezahlen einlösen – auf alles im Sortiment.,"Úsalo al pagar, en todo el catálogo.","Usalo alla cassa, su tutto il catalogo.",,"Använd den i kassan, på allt i sortimentet."
welcome-01,expires,"Welcome 1 - day 0, has the code | countdown, on the product tiles",,Expires in 5 days,Nog 5 dagen geldig,Valable encore 5 jours,Noch 5 Tage gültig,Válido 5 días más,Valido ancora 5 giorni,,Giltig 5 dagar till
welcome-01,eyebrow,"Welcome 1 - day 0, has the code | small green line above the headline",10%,10% OFF YOUR FIRST ORDER,10% KORTING OP JE EERSTE ORDER,10% SUR VOTRE PREMIÈRE COMMANDE,10% AUF IHRE ERSTE BESTELLUNG,10% EN TU PRIMER PEDIDO,10% SUL TUO PRIMO ORDINE,,10 % RABATT PÅ DIN FÖRSTA ORDER
welcome-01,file_b,"Welcome 1 - day 0, has the code | file_b",,"Send us whatever you have. We check every file before anything goes to print, and we tell you if something needs fixing.","Stuur gewoon wat je hebt. Elk bestand gaat langs de controle voordat het de pers op gaat, en we trekken aan de bel als er iets aangepast moet worden.","Envoyez ce que vous avez. Chaque fichier passe au contrôle avant impression, et on vous prévient si quelque chose doit bouger.","Schicken Sie einfach, was da ist. Jede Datei geht vor dem Druck durch die Prüfung, und wir sagen Bescheid, wenn etwas angepasst werden muss.","Manda lo que tengas. Cada archivo pasa por revisión antes de imprimir, y te avisamos si hay algo que cambiar.","Manda quello che hai. Ogni file passa dal controllo prima della stampa, e se c'è da sistemare qualcosa ti avvisiamo.",,"Skicka bara det du har. Varje fil går genom kontroll innan den trycks, och behöver något justeras hör du från oss i tid."
welcome-01,file_h,"Welcome 1 - day 0, has the code | file_h",,Not sure your file will work?,Twijfel je of je bestand goed is?,Un doute sur votre fichier ?,"Unsicher, ob Ihre Datei passt?",¿Dudas de si tu archivo servirá?,Non sei sicuro del tuo file?,,Osäker på om filen håller?
welcome-01,file_link,"Welcome 1 - day 0, has the code | file_link",,See how file checking works,Zo werkt de bestandscontrole,Comment marche la vérification,So funktioniert die Dateiprüfung,Así funciona la revisión de archivos,Come funziona il controllo dei file,,Så fungerar filkontrollen
welcome-01,h1,"Welcome 1 - day 0, has the code | main headline",,Welcome to Helloprint,Welkom bij Helloprint,Bienvenue chez Helloprint,Willkommen bei Helloprint,Bienvenido a Helloprint,Benvenuto in Helloprint,,Välkommen till Helloprint
welcome-01,pre,"Welcome 1 - day 0, has the code | hidden preheader - the inbox snippet",10%,"Your 10% code is inside, and you have 5 days to use it.",Je 10%-code staat hieronder — 5 dagen geldig.,"Votre code de 10% est juste en dessous, valable 5 jours.",Ihr 10%-Code steht gleich hier – 5 Tage gültig.,"Tu código del 10% está aquí abajo, válido 5 días.","Il tuo codice 10% è qui sotto, valido 5 giorni.",,Din 10 %-kod finns här nedan – giltig i 5 dagar.
welcome-01,pre_ordered,"Welcome 1 - day 0, has the code | preheader for people who already ordered (no discount)",10%,"Your 10% code is inside, and the prints most businesses start with.","Je 10%-code staat klaar, plus waar de meeste bedrijven mee beginnen.","Votre code de 10% vous attend, avec ce que commandent la plupart des entreprises.","Ihr 10%-Code wartet, dazu die Klassiker für den Anfang.","Tu código del 10% te espera, y con qué empiezan la mayoría de empresas.","Il tuo codice 10% ti aspetta, e da dove partono quasi tutte le aziende.",,"Din 10 %-kod är klar, plus det som de flesta företag börjar med."
welcome-01,reviews_note,"Welcome 1 - day 0, has the code | under the Trustpilot stars",,"Based on 34,000+ reviews",Uit 34.000+ reviews,Sur 34 000+ avis,Aus über 34.000 Bewertungen,De más de 34.000 opiniones,Su oltre 34.000 recensioni,,Av 34 000+ omdömen
welcome-01,sect_h,"Welcome 1 - day 0, has the code | section heading",,What businesses order first,Waar bedrijven mee beginnen,Ce que les entreprises commandent en premier,Damit fangen Unternehmen an,Con esto empiezan las empresas,Da qui partono le aziende,,Det här börjar företag med
welcome-01,sect_sub,"Welcome 1 - day 0, has the code | line under the section heading",10%,Pick one and your 10% comes off at checkout.,Kies er één. De 10% halen we er bij het afrekenen af.,Choisissez : les 10% partent au moment du paiement.,Eins aussuchen – die 10% gehen beim Bezahlen ab.,Elige uno y el 10% se descuenta al pagar.,"Scegline uno, il 10% si scala alla cassa.",,Välj en – dina 10 % dras av i kassan.
welcome-01,sub,"Welcome 1 - day 0, has the code | line under the headline",,"Print made simple, by people who have your back.","Drukwerk zonder gedoe, met mensen die naast je staan.","L'impression sans prise de tête, avec des gens qui vous épaulent.","Drucken ohne Umstände, mit Menschen, die hinter Ihnen stehen.","Imprimir sin complicaciones, con gente que te respalda.","Stampare senza complicazioni, con persone che ti danno una mano.",,"Trycksaker utan krångel, med folk som ställer upp för dig."
welcome-01,tp_alt_stars,"Welcome 1 - day 0, has the code | tp_alt_stars",,Rated 4.5 out of 5 stars on Trustpilot,"Beoordeeld met 4,5 van de 5 sterren op Trustpilot","Noté 4,5 étoiles sur 5 sur Trustpilot","Bewertet mit 4,5 von 5 Sternen auf Trustpilot","Valorado con 4,5 de 5 estrellas en Trustpilot","Valutato 4,5 stelle su 5 su Trustpilot",,"Betygsatt 4,5 av 5 stjärnor på Trustpilot"
welcome-01,tp_outof,"Welcome 1 - day 0, has the code | tp_outof",,out of 5 on Trustpilot,uit 5 op Trustpilot,sur 5 sur Trustpilot,von 5 auf Trustpilot,de 5 en Trustpilot,su 5 su Trustpilot,,av 5 på Trustpilot
welcome-01,u1,"Welcome 1 - day 0, has the code | u1",,1 unit,1 stuk,1 unité,1 Stück,1 unidad,1 pezzo,,1 st
welcome-01,u1000,"Welcome 1 - day 0, has the code | u1000",,"1,000 units",1.000 stuks,1 000 unités,1.000 Stück,1.000 unidades,1.000 pezzi,,1 000 st
welcome-01,u50,"Welcome 1 - day 0, has the code | u50",,50 units,50 stuks,50 unités,50 Stück,50 unidades,50 pezzi,,50 st
welcome-01,u500,"Welcome 1 - day 0, has the code | u500",,500 units,500 stuks,500 unités,500 Stück,500 unidades,500 pezzi,,500 st
welcome-01,usp.0,"Welcome 1 - day 0, has the code | usp.0",&ldquo; &rdquo;,&ldquo;Every price includes delivery and VAT&rdquo;,&ldquo;Elke prijs is all-in: verzending en btw zitten erin&rdquo;,&ldquo;Chaque prix est tout compris : livraison et TVA incluses&rdquo;,&ldquo;Bei jedem Preis ist alles dabei: Versand und MwSt.&rdquo;,&ldquo;Cada precio lo incluye todo: envío e IVA&rdquo;,&ldquo;Ogni prezzo è tutto compreso: spedizione e IVA&rdquo;,&ldquo;Every price includes shipping&rdquo;,&ldquo;Alla priser är färdiga: frakt och moms ingår&rdquo;
welcome-01,usp.1,"Welcome 1 - day 0, has the code | usp.1",&ldquo; &rdquo;,&ldquo;We check every file before it prints&rdquo;,&ldquo;Geen bestand gaat op de pers zonder controle&rdquo;,&ldquo;Aucun fichier ne part à l'impression sans vérification&rdquo;,&ldquo;Keine Datei geht ungeprüft in den Druck&rdquo;,&ldquo;Ningún archivo se imprime sin revisar&rdquo;,&ldquo;Nessun file va in stampa senza controllo&rdquo;,,&ldquo;Ingen fil går till tryck utan kontroll&rdquo;
welcome-01,usp.2,"Welcome 1 - day 0, has the code | usp.2",&ldquo; &rdquo; 100%,&ldquo;Backed by our 100% satisfaction guarantee&rdquo;,&ldquo;100% tevredenheidsgarantie op elke order&rdquo;,&ldquo;Satisfaction garantie à 100% sur chaque commande&rdquo;,&ldquo;100% Zufriedenheitsgarantie auf jede Bestellung&rdquo;,&ldquo;100% de satisfacción garantizada en cada pedido&rdquo;,&ldquo;Soddisfazione garantita al 100% su ogni ordine&rdquo;,,&ldquo;100 % nöjdhetsgaranti på varje order&rdquo;
welcome-02,alt_advisers,"Welcome 2 - day 1, behind the print | alt_advisers",,Helloprint customer advisers at work,Helloprint-klantadviseurs aan het werk,Des conseillers clients Helloprint au travail,Helloprint-Kundenberater bei der Arbeit,Asesores de clientes de Helloprint trabajando,Consulenti clienti Helloprint al lavoro,,Helloprints kundrådgivare i arbete
welcome-02,alt_beach,"Welcome 2 - day 1, behind the print | alt_beach",,The Helloprint team at a beach clean-up,Het Helloprint-team bij een strandopruiming,L'équipe Helloprint lors d'un nettoyage de plage,Das Helloprint-Team bei einer Strandreinigung,El equipo de Helloprint en una limpieza de playa,Il team Helloprint a una pulizia della spiaggia,,Helloprint-teamet på strandstädning
welcome-02,alt_eco,"Welcome 2 - day 1, behind the print | alt_eco",,Eco flyers printed on recycled paper,Eco-flyers gedrukt op gerecycled papier,Des flyers éco imprimés sur papier recyclé,Öko-Flyer auf Recyclingpapier gedruckt,Flyers ecológicos impresos en papel reciclado,Volantini eco stampati su carta riciclata,,Ekoflygblad tryckta på returpapper
welcome-02,alt_range,"Welcome 2 - day 1, behind the print | alt_range",,"Flyers, business cards, posters and roller banners","Flyers, visitekaartjes, posters en roll-upbanners","Flyers, cartes de visite, affiches et roll-ups","Flyer, Visitenkarten, Poster und Roll-up-Banner","Flyers, tarjetas de visita, pósters y roll-ups","Volantini, biglietti da visita, poster e roll-up",,"Flygblad, visitkort, affischer och rollups"
welcome-02,b.0.l,"Welcome 2 - day 1, behind the print | b.0.l",,How the platform works,Zo werkt het platform,Comment marche la plateforme,So funktioniert die Plattform,Así funciona la plataforma,Come funziona la piattaforma,,Så fungerar plattformen
welcome-02,b.0.t,"Welcome 2 - day 1, behind the print | b.0.t",,Printed close to you,Dicht bij jou gedrukt,Imprimé près de chez vous,In Ihrer Nähe gedruckt,Impreso cerca de ti,Stampato vicino a te,,Tryckt nära dig
welcome-02,b.1.l,"Welcome 2 - day 1, behind the print | b.1.l",,Read our impact report,Lees ons impactrapport,Lire notre rapport d'impact,Unseren Impact-Report lesen,Leer nuestro informe de impacto,Leggi il nostro report d'impatto,,Läs vår hållbarhetsrapport
welcome-02,b.1.t,"Welcome 2 - day 1, behind the print | b.1.t",,"Better print, less impact","Mooier drukwerk, minder impact","Mieux imprimé, moins d'impact","Besser gedruckt, weniger Impact","Mejor impresión, menos impacto","Stampa migliore, meno impatto",,"Bättre tryck, mindre avtryck"
welcome-02,b.2.l,"Welcome 2 - day 1, behind the print | b.2.l",,Browse everything,Bekijk het hele assortiment,Voir tout le catalogue,Das ganze Sortiment ansehen,Ver todo el catálogo,Guarda tutto il catalogo,,Se hela sortimentet
welcome-02,b.2.t,"Welcome 2 - day 1, behind the print | b.2.t",,"Over 10,000 products",Meer dan 10.000 producten,Plus de 10 000 produits,Über 10.000 Produkte,Más de 10.000 productos,Oltre 10.000 prodotti,,Över 10 000 produkter
welcome-02,cta,"Welcome 2 - day 1, behind the print | button",,Read our story,Lees ons verhaal,Découvrir notre histoire,Unsere Geschichte lesen,Conoce nuestra historia,Scopri la nostra storia,,Läs vår historia
welcome-02,eco_body,"Welcome 2 - day 1, behind the print | eco_body",,"Print should not cost the earth. Being a certified B Corp keeps us honest about that, and it is why we work with partners who produce closer to you and materials that ask less of the planet. Our impact report shows where we stand and where we are heading.","Drukwerk hoeft de aarde niet te kosten. Als gecertificeerde B Corp worden we daarop afgerekend, en daarom kiezen we partners die dichter bij je produceren en materialen die de planeet minder vragen. In ons impactrapport staat waar we staan en waar we naartoe werken.","L'impression ne devrait pas coûter la planète. Notre certification B Corp nous oblige à le prouver, et c'est pourquoi nous travaillons avec des partenaires qui produisent plus près de vous et des matériaux moins gourmands. Notre rapport d'impact dit où nous en sommes et où nous allons.","Drucken muss die Umwelt nicht kosten. Als zertifizierte B Corp müssen wir das belegen – deshalb arbeiten wir mit Partnern, die näher bei Ihnen produzieren, und mit Materialien, die dem Planeten weniger abverlangen. Unser Impact-Report zeigt, wo wir stehen und wohin wir wollen.","Imprimir no tiene por qué costarle al planeta. Ser una B Corp certificada nos obliga a demostrarlo, y por eso trabajamos con socios que producen más cerca de ti y con materiales que piden menos al planeta. Nuestro informe de impacto cuenta dónde estamos y hacia dónde vamos.","Stampare non deve costare al pianeta. Essere una B Corp certificata ci obbliga a dimostrarlo, ed è per questo che scegliamo partner che producono più vicino a te e materiali che chiedono meno al pianeta. Il nostro report d'impatto dice dove siamo e dove stiamo andando.",,"Tryck ska inte kosta jorden. Som certifierad B Corp blir vi granskade på just det, och därför väljer vi partner som producerar närmare dig och material som tär mindre på planeten. Vår hållbarhetsrapport visar var vi står och vart vi är på väg."
welcome-02,expires,"Welcome 2 - day 1, behind the print | countdown, on the product tiles",&middot; &nbsp;,&nbsp;&middot;&nbsp;Expires in 4 days,&nbsp;&middot;&nbsp;Verloopt over 4 dagen,&nbsp;&middot;&nbsp;Expire dans 4 jours,&nbsp;&middot;&nbsp;Läuft in 4 Tagen ab,&nbsp;&middot;&nbsp;Caduca en 4 días,&nbsp;&middot;&nbsp;Scade tra 4 giorni,,&nbsp;&middot;&nbsp;4 dagar kvar
welcome-02,h1,"Welcome 2 - day 1, behind the print | main headline",,Who actually prints your order,Wie jouw drukwerk maakt,Qui imprime vos commandes,Wer Ihre Drucksachen produziert,Quién imprime tus pedidos,Chi stampa i tuoi ordini,,Vilka trycker dina order
welcome-02,pre,"Welcome 2 - day 1, behind the print | hidden preheader - the inbox snippet",10%,Printed closer to you by a certified B Corp. Your 10% has 4 days left.,"Dichter bij jou gedrukt, door een gecertificeerde B Corp. Nog 4 dagen voor je 10%.","Imprimé près de chez vous, par une B Corp certifiée. Encore 4 jours pour vos 10%.","Näher bei Ihnen gedruckt, von einer zertifizierten B Corp. Noch 4 Tage für Ihre 10%.","Impreso cerca de ti, por una B Corp certificada. Te quedan 4 días para tu 10%.","Stampato vicino a te, da una B Corp certificata. Ancora 4 giorni per il tuo 10%.",,"Tryckt närmare dig, av en certifierad B Corp. Dina 10 % gäller i 4 dagar."
welcome-02,pre_ordered,"Welcome 2 - day 1, behind the print | preheader for people who already ordered (no discount)",,"Printed closer to you, a B Corp certification, and over 10,000 products.","Dichter bij jou gedrukt, een B Corp-certificering en meer dan 10.000 producten.","Imprimé près de chez vous, une certification B Corp et plus de 10 000 produits.","Näher bei Ihnen gedruckt, B Corp zertifiziert und über 10.000 Produkte.","Impreso cerca de ti, certificación B Corp y más de 10.000 productos.","Stampato vicino a te, certificazione B Corp e oltre 10.000 prodotti.",,"Tryckt närmare dig, B Corp-certifierat och över 10 000 produkter."
welcome-02,range_body,"Welcome 2 - day 1, behind the print | range_body",,"More than 100 million product combinations. Business cards, flyers, brochures, posters, banners, textiles, packaging and branded gifts. Configure what you need and the platform finds a partner who can make it.","Meer dan 100 miljoen combinaties. Visitekaartjes, flyers, brochures, posters, banners, textiel, verpakking en relatiegeschenken. Jij stelt samen wat je nodig hebt, het platform zoekt de partner die het kan maken.","Plus de 100 millions de combinaisons. Cartes de visite, flyers, brochures, affiches, banderoles, textile, emballage et objets publicitaires. Vous configurez ce qu'il vous faut, la plateforme trouve l'imprimeur capable de le produire.","Über 100 Millionen Kombinationen. Visitenkarten, Flyer, Broschüren, Poster, Banner, Textil, Verpackung und Werbegeschenke. Sie konfigurieren, was Sie brauchen – die Plattform findet den Partner, der es herstellen kann.","Más de 100 millones de combinaciones. Tarjetas de visita, flyers, folletos, pósters, banners, textil, packaging y regalos de empresa. Tú configuras lo que necesitas y la plataforma encuentra quién puede producirlo.","Oltre 100 milioni di combinazioni. Biglietti da visita, flyer, brochure, poster, banner, tessile, packaging e gadget aziendali. Tu configuri quello che ti serve, la piattaforma trova il partner che può produrlo.",,"Över 100 miljoner kombinationer. Visitkort, flygblad, broschyrer, affischer, banderoller, textil, förpackning och profilprodukter. Du sätter ihop det du behöver, plattformen hittar tryckeriet som kan göra det."
welcome-02,sect_h,"Welcome 2 - day 1, behind the print | section heading",,Three things worth knowing,Drie dingen die je moet weten,Trois choses à savoir,"Drei Dinge, die Sie wissen sollten",Tres cosas que conviene saber,Tre cose da sapere,,Tre saker värda att veta
welcome-02,sect_sub,"Welcome 2 - day 1, behind the print | line under the section heading",,Not slogans. Things you can check.,Geen praatjes. Dingen die je zelf kunt nagaan.,Pas des slogans. Des faits vérifiables.,Keine Slogans. Nachprüfbare Fakten.,No son eslóganes. Son datos que puedes comprobar.,Non slogan. Fatti che puoi verificare.,,Inga slogans. Sånt du kan kontrollera själv.
welcome-02,ship_body,"Welcome 2 - day 1, behind the print | ship_body",,"Your order goes to a print partner near your delivery address, so it travels less and arrives sooner. In Ireland that means delivery via An Post and DPD, backed by a network of 300+ production partners.","Je order gaat naar een drukker in de buurt van je bezorgadres. Minder kilometers, dus sneller bij je. Achter de bezorging zit een netwerk van meer dan 300 productiepartners.","Votre commande part chez un imprimeur proche de votre adresse de livraison. Moins de kilomètres, donc plus vite chez vous. Derrière, un réseau de plus de 300 partenaires de production.","Ihr Auftrag geht an eine Druckerei in der Nähe Ihrer Lieferadresse. Weniger Kilometer, also schneller bei Ihnen. Dahinter steht ein Netz von über 300 Produktionspartnern.","Tu pedido va a una imprenta cercana a tu dirección de entrega. Menos kilómetros, así que llega antes. Detrás hay una red de más de 300 socios de producción.","Il tuo ordine va a uno stampatore vicino al tuo indirizzo di consegna. Meno chilometri, quindi arriva prima. Dietro c'è una rete di oltre 300 partner di produzione.",,"Din order går till ett tryckeri nära din leveransadress. Färre mil på vägen, snabbare hos dig. Bakom leveransen står ett nätverk med över 300 produktionspartner."
welcome-02,sub,"Welcome 2 - day 1, behind the print | line under the headline",,"A B Corp certified platform, local print partners, and a promise to have your back.","Een gecertificeerde B Corp, drukkers uit je eigen regio, en mensen die je niet laten vallen.","Une plateforme certifiée B Corp, des imprimeurs près de chez vous, et une équipe qui ne vous laisse pas tomber.","Zertifizierte B Corp, Druckpartner aus Ihrer Region und ein Team, das Sie nicht hängen lässt.","Una plataforma certificada B Corp, imprentas cerca de ti y un equipo que no te deja tirado.","Una piattaforma certificata B Corp, stampatori vicino a te e un team che non ti lascia solo.",,"En certifierad B Corp, tryckerier nära dig och folk som inte lämnar dig i sticket."
welcome-02,usp.0,"Welcome 2 - day 1, behind the print | usp.0",&ldquo; &rdquo;,&ldquo;We are a certified B Corp&rdquo;,&ldquo;Wij zijn een gecertificeerde B Corp&rdquo;,&ldquo;Nous sommes une B Corp certifiée&rdquo;,&ldquo;Wir sind eine zertifizierte B Corp&rdquo;,&ldquo;Somos una B Corp certificada&rdquo;,&ldquo;Siamo una B Corp certificata&rdquo;,,&ldquo;Vi är en certifierad B Corp&rdquo;
welcome-02,usp.1,"Welcome 2 - day 1, behind the print | usp.1",&ldquo; &rdquo;,"&ldquo;Local partners, faster delivery&rdquo;","&ldquo;Drukkers in de buurt, dus sneller bij je&rdquo;","&ldquo;Des imprimeurs proches, donc livré plus vite&rdquo;","&ldquo;Druckpartner in der Nähe, also schneller da&rdquo;","&ldquo;Imprentas cercanas, así llega antes&rdquo;","&ldquo;Stampatori vicini, quindi arriva prima&rdquo;",,"&ldquo;Tryckerier nära dig, snabbare leverans&rdquo;"
welcome-02,usp.2,"Welcome 2 - day 1, behind the print | usp.2",&ldquo; &rdquo;,"&ldquo;10,000+ products to choose from&rdquo;",&ldquo;Meer dan 10.000 producten om uit te kiezen&rdquo;,&ldquo;Plus de 10 000 produits au choix&rdquo;,&ldquo;Über 10.000 Produkte zur Auswahl&rdquo;,&ldquo;Más de 10.000 productos a elegir&rdquo;,&ldquo;Oltre 10.000 prodotti tra cui scegliere&rdquo;,,&ldquo;Över 10 000 produkter att välja bland&rdquo;
welcome-03,alt_5stars,"Welcome 3 - day 3, rated excellent | alt_5stars",,Rated 5 out of 5 stars,Beoordeeld met 5 van de 5 sterren,Noté 5 étoiles sur 5,Bewertet mit 5 von 5 Sternen,Valorado con 5 de 5 estrellas,Valutato 5 stelle su 5,,Betygsatt 5 av 5 stjärnor
welcome-03,alt_goldfoil,"Welcome 3 - day 3, rated excellent | alt_goldfoil",,Business cards with gold foil finish,Visitekaartjes met goudfolie-afwerking,Cartes de visite avec finition dorure à chaud,Visitenkarten mit Goldfolienveredelung,Tarjetas de visita con acabado en foil dorado,Biglietti da visita con finitura in lamina oro,,Visitkort med guldfoliering
welcome-03,cta,"Welcome 3 - day 3, rated excellent | button",,Read the reviews,Lees wat ze zeggen,Lire ce qu'ils en disent,"Lesen, was sie sagen",Lee lo que dicen,Leggi cosa dicono,,Läs vad de säger
welcome-03,cta2,"Welcome 3 - day 3, rated excellent | second button",,Place your first order,Plaats je eerste bestelling,Passer ma première commande,Zum ersten Mal bestellen,Haz tu primer pedido,Fai il tuo primo ordine,,Lägg din första order
welcome-03,expires,"Welcome 3 - day 3, rated excellent | countdown, on the product tiles",&middot; &nbsp;,&nbsp;&middot;&nbsp;2 days left,&nbsp;&middot;&nbsp;Nog 2 dagen,&nbsp;&middot;&nbsp;Plus que 2 jours,&nbsp;&middot;&nbsp;Noch 2 Tage,&nbsp;&middot;&nbsp;Quedan 2 días,&nbsp;&middot;&nbsp;Ancora 2 giorni,,&nbsp;&middot;&nbsp;2 dagar kvar
welcome-03,g.0,"Welcome 3 - day 3, rated excellent | g.0",,Best price guaranteed,"Beste prijs, gegarandeerd",Meilleur prix garanti,Bestpreis-Garantie,Mejor precio garantizado,Miglior prezzo garantito,,Bästa pris garanterat
welcome-03,g.1,"Welcome 3 - day 3, rated excellent | g.1",,All-inclusive prices,All-in prijzen,Prix tout compris,Preise mit allem drin,Precios con todo incluido,Prezzi tutto compreso,,Priser med allt inräknat
welcome-03,g.2,"Welcome 3 - day 3, rated excellent | g.2",,Always a perfect design,Altijd een perfect ontwerp,Toujours un design impeccable,Immer ein perfektes Design,Siempre un diseño perfecto,Sempre un design perfetto,,Alltid perfekt design
welcome-03,g.3,"Welcome 3 - day 3, rated excellent | g.3",100%,100% satisfaction guarantee,100% tevredenheidsgarantie,Satisfaction garantie à 100%,100% Zufriedenheitsgarantie,100% de satisfacción garantizada,Soddisfazione garantita al 100%,,100 % nöjdhetsgaranti
welcome-03,g_h,"Welcome 3 - day 3, rated excellent | g_h",,"Every order, guaranteed",Dit staat vast bij elke order,"Sur chaque commande, c'est garanti",Bei jeder Bestellung fest zugesagt,"En cada pedido, garantizado","Su ogni ordine, garantito",,Det här gäller varje order
welcome-03,h1,"Welcome 3 - day 3, rated excellent | main headline",,"Excellent, say 34,000+ customers","Uitstekend, volgens 34.000+ klanten","Excellent, selon 34 000+ clients",Hervorragend – sagen über 34.000 Kunden,"Excelente, según más de 34.000 clientes","Eccellente, secondo oltre 34.000 clienti",,"Utmärkt, säger 34 000+ kunder"
welcome-03,pre,"Welcome 3 - day 3, rated excellent | hidden preheader - the inbox snippet",10%,"Rated 4.5 from 34,000+ reviews. Only 2 days left to use your 10%.","4,5 uit 34.000+ reviews. Nog 2 dagen voor je 10%.","4,5 sur 34 000+ avis. Il reste 2 jours pour vos 10%.","4,5 aus über 34.000 Bewertungen. Noch 2 Tage für Ihre 10%.","4,5 con más de 34.000 opiniones. Te quedan 2 días para tu 10%.","4,5 su oltre 34.000 recensioni. Restano 2 giorni per il tuo 10%.",,"4,5 av 34 000+ omdömen. Bara 2 dagar kvar på dina 10 %."
welcome-03,pre_ordered,"Welcome 3 - day 3, rated excellent | preheader for people who already ordered (no discount)",,"Rated 4.5 on Trustpilot from 34,000+ reviews. Here is what a few of them say.","4,5 op Trustpilot, uit 34.000+ reviews. Dit zeggen een paar klanten.","4,5 sur Trustpilot, 34 000+ avis. Voici quelques voix.","4,5 auf Trustpilot, über 34.000 Bewertungen. Ein paar Stimmen daraus.","4,5 en Trustpilot, más de 34.000 opiniones. Estas son algunas voces.","4,5 su Trustpilot, oltre 34.000 recensioni. Ecco qualche voce.",,"4,5 på Trustpilot, av 34 000+ omdömen. Här är några röster."
welcome-03,promise_link,"Welcome 3 - day 3, rated excellent | promise_link",,See what each promise covers,Kijk wat elke belofte inhoudt,Voir ce que couvre chaque garantie,"Nachlesen, was jede Zusage abdeckt",Mira qué cubre cada garantía,Guarda cosa copre ogni garanzia,,Se vad varje löfte omfattar
welcome-03,reviews_h,"Welcome 3 - day 3, rated excellent | reviews_h",,What <em>real customers</em> tell us,Wat <em>echte klanten</em> zeggen,Ce que disent <em>de vrais clients</em>,Was <em>echte Kunden</em> sagen,Lo que dicen <em>clientes reales</em>,Cosa dicono <em>clienti veri</em>,,Vad <em>riktiga kunder</em> säger
welcome-03,score_line,"Welcome 3 - day 3, rated excellent | Trustpilot score line",,"4.5 out of 5 from 34,000+ reviews by businesses like yours.","4,5 uit 5, op basis van 34.000+ reviews van bedrijven zoals het jouwe.","4,5 sur 5, sur 34 000+ avis d'entreprises comme la vôtre.","4,5 von 5, aus über 34.000 Bewertungen von Unternehmen wie Ihrem.","4,5 de 5, con más de 34.000 opiniones de empresas como la tuya.","4,5 su 5, da oltre 34.000 recensioni di aziende come la tua.",,"4,5 av 5, baserat på 34 000+ omdömen från företag som ditt."
welcome-03,tp_alt,"Welcome 3 - day 3, rated excellent | tp_alt",,Rated 4.5 out of 5 on Trustpilot,"Beoordeeld met 4,5 uit 5 op Trustpilot","Noté 4,5 sur 5 sur Trustpilot","Bewertet mit 4,5 von 5 auf Trustpilot","Valorado con 4,5 sobre 5 en Trustpilot","Valutato 4,5 su 5 su Trustpilot",,"Betygsatt 4,5 av 5 på Trustpilot"
welcome-03,unedited,"Welcome 3 - day 3, rated excellent | unedited",,"Unedited, straight from Trustpilot.",Zoals ze op Trustpilot staan. Niets aan veranderd.,Telles qu'elles apparaissent sur Trustpilot. Rien de retouché.,"So, wie sie auf Trustpilot stehen. Nichts geglättet.",Tal como están en Trustpilot. Sin retocar.,Così come stanno su Trustpilot. Senza ritocchi.,,Precis som de står på Trustpilot. Inget ändrat.
welcome-03,verified,"Welcome 3 - day 3, rated excellent | verified",,verified Trustpilot review,geverifieerde Trustpilot-review,avis Trustpilot vérifié,verifizierte Trustpilot-Bewertung,opinión verificada en Trustpilot,recensione verificata su Trustpilot,,verifierat Trustpilot-omdöme
welcome-04,alt_desks,"Welcome 4 - day 5, send it over | alt_desks",,Helloprint advisers at their desks,Helloprint-adviseurs aan hun bureau,Des conseillers Helloprint à leur poste,Helloprint-Berater an ihren Schreibtischen,Asesores de Helloprint en sus puestos,Consulenti Helloprint alle loro scrivanie,,Helloprints rådgivare vid sina skrivbord
welcome-04,alt_john,"Welcome 4 - day 5, send it over | alt_john",,"John, print expert at Helloprint","John, printexpert bij Helloprint","John, expert en impression chez Helloprint","John, Druckexperte bei Helloprint","John, experto en impresión en Helloprint","John, esperto di stampa in Helloprint",,"John, tryckexpert på Helloprint"
welcome-04,cta,"Welcome 4 - day 5, send it over | button",,Contact our experts,Praat met een printexpert,Parler à un expert,Mit einem Druckexperten sprechen,Habla con un experto,Parla con un esperto,,Prata med en tryckexpert
welcome-04,email_john,"Welcome 4 - day 5, send it over | email_john",,E-mail John,Mail John,Écrire à John,John schreiben,Escribir a John,Scrivi a John,,Mejla John
welcome-04,final_b,"Welcome 4 - day 5, send it over | final_b",,A standard job or something completely unusual. Either way you get a price within 24 hours and a straight answer on what is possible.,Een standaardklus of iets totaal ongewoons. In beide gevallen heb je binnen 24 uur een prijs en een eerlijk antwoord over wat er kan.,"Un travail standard ou quelque chose de totalement inhabituel. Dans les deux cas, vous avez un prix sous 24 heures et une réponse franche sur ce qui est possible.","Ein Standardauftrag oder etwas völlig Ungewöhnliches. In beiden Fällen haben Sie innerhalb von 24 Stunden einen Preis und eine klare Antwort, was möglich ist.",Un trabajo estándar o algo totalmente fuera de lo común. En ambos casos tienes un precio en 24 horas y una respuesta clara sobre qué es posible.,Un lavoro standard o qualcosa di totalmente insolito. In entrambi i casi hai un prezzo entro 24 ore e una risposta chiara su cosa si può fare.,,Ett standardjobb eller något helt ovanligt. I båda fallen får du ett pris inom 24 timmar och ett rakt svar på vad som är möjligt.
welcome-04,final_cta,"Welcome 4 - day 5, send it over | final_cta",,Get your price,Vraag je prijs op,Obtenir mon prix,Preis anfragen,Pedir mi precio,Chiedi il tuo prezzo,,Få ditt pris
welcome-04,final_h,"Welcome 4 - day 5, send it over | final_h",,Tell John what you need,Vertel John wat je nodig hebt,Dites à John ce qu'il vous faut,"Sagen Sie John, was Sie brauchen",Cuéntale a John qué necesitas,Di' a John cosa ti serve,,Berätta för John vad du behöver
welcome-04,final_note,"Welcome 4 - day 5, send it over | final_note",,Or just reply to this email. It reaches the team.,Of antwoord gewoon op deze mail. Die komt bij het team terecht.,Ou répondez simplement à cet e-mail : il arrive chez l'équipe.,Oder antworten Sie einfach auf diese E-Mail. Sie landet beim Team.,O responde a este correo sin más: llega al equipo.,Oppure rispondi a questa email: arriva al team.,,Eller svara bara på det här mejlet. Det når teamet.
welcome-04,h1,"Welcome 4 - day 5, send it over | main headline",,"You send it, we do the rest","Jij stuurt, wij regelen de rest","Vous envoyez, on s'occupe du reste","Sie schicken, wir machen den Rest","Tú lo mandas, nosotros nos encargamos","Tu mandi, al resto pensiamo noi",,"Du skickar, vi fixar resten"
welcome-04,how_h,"Welcome 4 - day 5, send it over | how_h",,How it works,Hoe het werkt,Comment ça marche,So läuft es ab,Cómo funciona,Come funziona,,Så funkar det
welcome-04,john_quote,"Welcome 4 - day 5, send it over | john_quote",&rdquo;,Some jobs are genuinely complicated and some are just about getting the best price. Send me the details either way and I will come back with the best option I can find in the market.&rdquo;,"Sommige klussen zijn echt ingewikkeld, bij andere gaat het puur om de scherpste prijs. Stuur me in beide gevallen de details, dan kom ik terug met het beste dat ik in de markt kan vinden.&rdquo;","Certains travaux sont vraiment complexes, d'autres se résument au meilleur prix. Dans les deux cas, envoyez-moi les détails et je reviens avec la meilleure option que je trouve sur le marché.&rdquo;","Manche Aufträge sind wirklich kompliziert, bei anderen geht es nur um den besten Preis. Schicken Sie mir in beiden Fällen die Details, dann melde ich mich mit der besten Option, die ich am Markt finde.&rdquo;",Algunos trabajos son de verdad complicados y otros van solo del mejor precio. En ambos casos mándame los detalles y te vuelvo con la mejor opción que encuentre en el mercado.&rdquo;,"Certi lavori sono davvero complicati, altri sono solo questione di prezzo. In entrambi i casi mandami i dettagli e torno con la migliore opzione che trovo sul mercato.&rdquo;",,"Vissa jobb är verkligen komplicerade, andra handlar bara om att få bästa pris. Skicka detaljerna i båda fallen, så återkommer jag med det bästa jag hittar på marknaden.&rdquo;"
welcome-04,john_role,"Welcome 4 - day 5, send it over | john_role",,Our most experienced print expert,Onze meest ervaren printexpert,Notre expert le plus expérimenté,Unser erfahrenster Druckexperte,Nuestro experto más veterano,Il nostro esperto più veterano,,Vår mest rutinerade tryckexpert
welcome-04,lastday,"Welcome 4 - day 5, send it over | countdown in the green bar",&middot; &nbsp;,&nbsp;&middot;&nbsp;Last day!,&nbsp;&middot;&nbsp;Laatste dag!,&nbsp;&middot;&nbsp;Dernier jour !,&nbsp;&middot;&nbsp;Letzter Tag!,&nbsp;&middot;&nbsp;¡Último día!,&nbsp;&middot;&nbsp;Ultimo giorno!,,&nbsp;&middot;&nbsp;Sista dagen!
welcome-04,pre,"Welcome 4 - day 5, send it over | hidden preheader - the inbox snippet",10%,"Artwork or just an idea, we take it from there. Last day for your 10%.",Een ontwerp of alleen een idee — wij pakken het op. Laatste dag voor je 10%.,"Un fichier ou juste une idée, on prend le relais. Dernier jour pour vos 10%.",Datei oder nur eine Idee – wir übernehmen. Letzter Tag für Ihre 10%.,"Un diseño o solo una idea, seguimos nosotros. Último día para tu 10%.","Un file o solo un'idea, ci pensiamo noi. Ultimo giorno per il tuo 10%.",,En färdig fil eller bara en idé – vi tar det därifrån. Sista dagen för dina 10 %.
welcome-04,pre_ordered,"Welcome 4 - day 5, send it over | preheader for people who already ordered (no discount)",&rsquo;,Artwork or just an idea. Send either and John&rsquo;s team takes it from there.,"Een ontwerp of alleen een idee. Stuur het maar, John en zijn team pakken het op.","Un fichier ou juste une idée. Envoyez, John et son équipe prennent le relais.","Datei oder nur eine Idee. Schicken Sie es, John und sein Team übernehmen.","Un diseño o solo una idea. Mándalo, John y su equipo siguen.","Un file o solo un'idea. Mandacelo, John e il suo team ci pensano.",,"En fil eller bara en idé. Skicka in, Johns team tar det därifrån."
welcome-04,role,"Welcome 4 - day 5, send it over | role",,Print Expert Team,Printexpert-team,Équipe d'experts en impression,Druckexperten-Team,Equipo de expertos en impresión,Team di esperti di stampa,,Tryckexpertteamet
welcome-04,s.0.b,"Welcome 4 - day 5, send it over | s.0.b",,Finished artwork or just a rough idea. Whatever you have is enough to start.,Een kant-en-klaar ontwerp of een ruwe schets. Wat je hebt is genoeg.,Un fichier finalisé ou un croquis. Ce que vous avez suffit.,"Fertige Datei oder grobe Skizze. Was da ist, reicht.",Un diseño acabado o un boceto. Con lo que tengas basta.,Un file finito o uno schizzo. Quello che hai basta.,,En färdig fil eller en snabb skiss. Det du har räcker.
welcome-04,s.0.t,"Welcome 4 - day 5, send it over | s.0.t",,You send it,Jij stuurt,Vous envoyez,Sie schicken,Tú lo mandas,Tu mandi,,Du skickar
welcome-04,s.1.b,"Welcome 4 - day 5, send it over | s.1.b",,"The right product and the right print partner, however unusual the job.","Het juiste product bij de juiste drukker, hoe bijzonder de klus ook is.","Le bon produit chez le bon imprimeur, même pour un travail hors norme.","Das richtige Produkt beim richtigen Partner, so ungewöhnlich der Auftrag auch ist.","El producto adecuado en la imprenta adecuada, por raro que sea el trabajo.","Il prodotto giusto dallo stampatore giusto, per quanto insolito sia il lavoro.",,"Rätt produkt hos rätt tryckeri, hur ovanligt jobbet än är."
welcome-04,s.1.t,"Welcome 4 - day 5, send it over | s.1.t",&rsquo;,John&rsquo;s team specs it,John zoekt het uit,L'équipe de John s'en charge,Johns Team kümmert sich,El equipo de John lo resuelve,Il team di John ci pensa,,Johns team löser det
welcome-04,s.2.b,"Welcome 4 - day 5, send it over | s.2.b",,"The sharpest price they can find in the market, with the full total in it.",De scherpste prijs die ze kunnen vinden — en dat is meteen het totaalbedrag.,"Le meilleur prix qu'ils trouvent, et c'est le total, tout compris.","Der beste Preis, den sie finden – und das ist gleich die Endsumme.","El mejor precio que encuentren, y ese es el total final.","Il miglior prezzo che trovano, e quello è già il totale finale.",,Det bästa priset de hittar – och det är hela summan.
welcome-04,s.2.t,"Welcome 4 - day 5, send it over | s.2.t",,A price back within 24 hours,Binnen 24 uur je prijs,Votre prix sous 24 heures,Ihr Preis in 24 Stunden,Tu precio en 24 horas,Il tuo prezzo entro 24 ore,,Pris inom 24 timmar
welcome-04,sub,"Welcome 4 - day 5, send it over | line under the headline",,"Finished artwork or just a rough idea. Send either and a print expert takes it from there, checking your file or pricing the job.",Een kant-en-klaar ontwerp of een ruwe schets — stuur wat je hebt. Een printexpert kijkt het na of maakt er een prijs bij.,"Un fichier prêt à imprimer ou un croquis au crayon : envoyez ce que vous avez. Un expert le vérifie, ou vous chiffre le travail.","Druckfertige Datei oder schnelle Skizze – schicken Sie, was da ist. Ein Druckexperte prüft sie oder rechnet den Auftrag durch.","Un diseño listo o un boceto a lápiz: manda lo que tengas. Un experto lo revisa, o te lo presupuesta.","Un file pronto o uno schizzo a matita: manda quello che hai. Un esperto lo controlla, o ti fa il prezzo.",,En tryckfärdig fil eller en skiss på ett papper – skicka det du har. En tryckexpert kollar filen eller räknar fram ett pris.
welcome-04,team_h,"Welcome 4 - day 5, send it over | team_h",,Meet John and the Print Expert Team,Dit is John en het printexpert-team,Voici John et l'équipe d'experts,Das sind John und das Druckexperten-Team,Estos son John y el equipo de expertos,Ecco John e il team di esperti,,Det här är John och tryckexperterna
welcome-04,team_sub,"Welcome 4 - day 5, send it over | team_sub",,Real people who spec print all day. Ask them anything.,Mensen die de hele dag drukwerk uitzoeken. Vraag ze alles.,Des gens qui font ça toute la journée. Posez-leur n'importe quelle question.,"Menschen, die den ganzen Tag nichts anderes tun. Fragen Sie alles.",Gente que hace esto todo el día. Pregúntales lo que sea.,Gente che fa questo tutto il giorno. Chiedi qualsiasi cosa.,,Folk som håller på med tryck hela dagarna. Fråga dem vad som helst.
winback-01-high,closing,winback-01-high | closing,,Just reply to this email. It comes to me.,Antwoord gewoon op deze mail. Hij komt bij mij binnen.,Répondez simplement à cet e-mail. Il arrive chez moi.,Antworten Sie einfach auf diese E-Mail. Sie landet bei mir.,Responde a este correo sin más. Me llega a mí.,Rispondi semplicemente a questa email. Arriva a me.,,
winback-01-high,para.0,winback-01-high | para.0,,"I am John, one of the print experts here. I noticed your last order with us was about three months ago, which is longer than most of the businesses I work with leave it, so I thought I would write.","Ik ben John, een van de printexperts hier. Het viel me op dat je laatste bestelling bij ons zo'n drie maanden geleden was, langer dan de meeste bedrijven waarmee ik werk ertussen laten, dus ik dacht ik schrijf even.","Je suis John, un des experts en impression ici. J'ai remarqué que votre dernière commande date d'environ trois mois, soit plus longtemps que la plupart des entreprises avec qui je travaille, alors je me suis dit que j'allais vous écrire.","Ich bin John, einer der Druckexperten hier. Mir ist aufgefallen, dass Ihre letzte Bestellung etwa drei Monate her ist, länger als bei den meisten Unternehmen, mit denen ich arbeite, also dachte ich, ich schreibe Ihnen.","Soy John, uno de los expertos en impresión de aquí. Vi que tu último pedido fue hace unos tres meses, más de lo que suelen dejar pasar las empresas con las que trabajo, así que se me ocurrió escribirte.","Sono John, uno degli esperti di stampa qui. Ho notato che il tuo ultimo ordine risale a circa tre mesi fa, più di quanto lascino passare la maggior parte delle aziende con cui lavoro, così ho pensato di scriverti.",,
winback-01-high,para.1,winback-01-high | para.1,,"I am not chasing an order. What I am useful for is the part before one. Is there a date you are printing towards? An event, an opening, a season you print for every year. Tell me the date and what it is for. I will come back with what I would print it on, what it costs at two or three quantities, and when the file has to be with us to hit it.","Ik zit niet achter een bestelling aan. Waar ik nuttig voor ben, is het stuk ervoor. Werk je ergens naartoe? Een evenement, een opening, een seizoen waarvoor je elk jaar laat drukken. Geef me de datum en waarvoor het is. Ik kom terug met waarop ik het zou drukken, wat het kost bij twee of drie aantallen, en wanneer het bestand bij ons moet zijn om het te halen.","Je ne cours pas après une commande. Là où je suis utile, c'est avant. Avez-vous une date en ligne de mire ? Un événement, une ouverture, une saison pour laquelle vous imprimez chaque année. Donnez-moi la date et à quoi ça sert. Je reviens vers vous avec le support que je choisirais, le prix pour deux ou trois quantités, et la date à laquelle le fichier doit nous parvenir pour tenir le délai.","Ich bin nicht hinter einer Bestellung her. Nützlich bin ich für den Teil davor. Gibt es einen Termin, auf den Sie hinarbeiten? Ein Event, eine Eröffnung, eine Saison, für die Sie jedes Jahr drucken. Nennen Sie mir das Datum und wofür es ist. Ich melde mich zurück mit dem Material, das ich nehmen würde, was es bei zwei oder drei Mengen kostet, und wann die Datei bei uns sein muss, damit es klappt.","No voy detrás de un pedido. Donde soy útil es en la parte de antes. ¿Hay una fecha hacia la que estás trabajando? Un evento, una apertura, una temporada para la que imprimes cada año. Dime la fecha y para qué es. Te vuelvo con sobre qué lo imprimiría, cuánto cuesta en dos o tres cantidades, y cuándo tiene que estar el archivo con nosotros para llegar.","Non sto inseguendo un ordine. Dove sono utile è nella parte prima. C'è una data verso cui stai lavorando? Un evento, un'apertura, una stagione per cui stampi ogni anno. Dimmi la data e a cosa serve. Ti torno con su cosa lo stamperei, quanto costa su due o tre quantità, e quando il file deve essere da noi per farcela.",,
winback-01-high,para.2,winback-01-high | para.2,,"If you already have the file, send it over and I will look at it before you order anything. And if something went wrong last time, I would rather hear it than not.","Heb je het bestand al, stuur het door dan kijk ik ernaar voordat je iets bestelt. En als er de vorige keer iets misging, hoor ik dat liever wel dan niet.","Si vous avez déjà le fichier, envoyez-le et je le regarde avant que vous commandiez quoi que ce soit. Et si quelque chose s'est mal passé la dernière fois, je préfère l'entendre.","Wenn Sie die Datei schon haben, schicken Sie sie mir, dann sehe ich sie mir an, bevor Sie irgendetwas bestellen. Und wenn beim letzten Mal etwas schiefgegangen ist, höre ich das lieber, als es nicht zu hören.","Si ya tienes el archivo, envíamelo y le echo un vistazo antes de que pidas nada. Y si algo salió mal la última vez, prefiero saberlo.","Se hai già il file, mandamelo e ci do un'occhiata prima che ordini qualcosa. E se l'ultima volta è andato storto qualcosa, preferisco saperlo.",,
winback-01-high,pre,winback-01-high | hidden preheader - the inbox snippet,,Tell me the date and I will work back from it.,"Geef me de datum, dan reken ik terug.",Donnez-moi la date et je remonte à partir de là.,"Nennen Sie mir das Datum, dann rechne ich rückwärts.",Dame la fecha y trabajo hacia atrás desde ahí.,Dimmi la data e parto da lì a ritroso.,,
winback-01-low,cta,winback-01-low | button,,Start your next order,Begin je volgende bestelling,Lancez votre prochaine commande,Starten Sie Ihre nächste Bestellung,Empieza tu próximo pedido,Inizia il tuo prossimo ordine,,
winback-01-low,eyebrow,winback-01-low | small green line above the headline,15%,15% OFF YOUR NEXT ORDER,15% KORTING OP JE VOLGENDE BESTELLING,15% DE REMISE SUR VOTRE PROCHAINE COMMANDE,15% RABATT AUF IHRE NÄCHSTE BESTELLUNG,15% DE DESCUENTO EN TU PRÓXIMO PEDIDO,15% DI SCONTO SUL PROSSIMO ORDINE,,
winback-01-low,h1,winback-01-low | main headline,,Pick up where you left off,Ga verder waar je gebleven was,Reprenez où vous en étiez,"Machen Sie da weiter, wo Sie aufgehört haben",Retoma donde lo dejaste,Riprendi da dove eri rimasto,,
winback-01-low,hero_alt,winback-01-low | hero_alt,,A printed banner on a fence beside a tennis court,Een bedrukt spandoek aan een hek naast een tennisbaan,Une banderole imprimée sur une clôture au bord d'un court de tennis,Ein bedrucktes Banner an einem Zaun neben einem Tennisplatz,Una lona impresa en una valla junto a una pista de tenis,Uno striscione stampato su una recinzione accanto a un campo da tennis,,
winback-01-low,sub,winback-01-low | line under the headline,,"It has been about three months. A few things to start from, and a code to make it easier.","Het is ongeveer drie maanden geleden. Een paar dingen om mee te beginnen, en een code om het makkelijker te maken.","Cela fait environ trois mois. Quelques idées pour repartir, et un code pour vous faciliter les choses.","Es ist etwa drei Monate her. Ein paar Dinge zum Anfangen und ein Code, der es leichter macht.","Han pasado unos tres meses. Unas cuantas cosas para empezar, y un código para ponértelo más fácil.","Sono passati circa tre mesi. Qualche spunto per ripartire, e un codice per rendertelo più facile.",,
winback-02-high,eyebrow,winback-02-high | small green line above the headline,,STILL HERE WHEN YOU NEED US,WIJ ZIJN ER ALS JE ONS NODIG HEBT,TOUJOURS LÀ QUAND VOUS EN AVEZ BESOIN,"IMMER DA, WENN SIE UNS BRAUCHEN",AQUÍ CUANDO NOS NECESITES,SEMPRE QUI QUANDO SERVE,,
winback-02-high,h1,winback-02-high | main headline,,A few things worth another look,Een paar dingen om nog eens te bekijken,Quelques idées à revoir,"Ein paar Dinge, die einen zweiten Blick wert sind",Unas cuantas cosas que merecen otro vistazo,Qualche cosa che vale un secondo sguardo,,
winback-02-high,hero_alt,winback-02-high | hero_alt,,A printed banner on a fence beside a tennis court,Een bedrukt spandoek aan een hek naast een tennisbaan,Une banderole imprimée sur une clôture au bord d'un court de tennis,Ein bedrucktes Banner an einem Zaun neben einem Tennisplatz,Una lona impresa en una valla junto a una pista de tenis,Uno striscione stampato su una recinzione accanto a un campo da tennis,,
winback-02-high,sub,winback-02-high | line under the headline,,"No offer attached. Some print worth picking up, the team who can help you plan it, and what to do when the date is tight.","Geen aanbieding eraan vast. Wat drukwerk om mee verder te gaan, het team dat je helpt plannen, en wat je doet als de datum krap is.","Aucune offre attachée. Des imprimés à retenir, l'équipe qui peut vous aider à les planifier, et quoi faire quand la date est serrée.","Kein Angebot dabei. Ein paar Drucksachen, die sich lohnen, das Team, das beim Planen hilft, und was zu tun ist, wenn der Termin knapp wird.","Sin oferta de por medio. Algo de impresión que merece la pena, el equipo que te ayuda a planificarla, y qué hacer cuando la fecha va justa.","Nessuna offerta allegata. Un po' di stampa che vale la pena, il team che ti aiuta a pianificarla, e cosa fare quando la data è stretta.",,
winback-02-low,cta,winback-02-low | button,,Use it before it goes,Gebruik hem voor hij weg is,Utilisez-le avant qu'il disparaisse,"Nutzen Sie ihn, bevor er weg ist",Úsalo antes de que se vaya,Usalo prima che scada,,
winback-02-low,eyebrow,winback-02-low | small green line above the headline,,LAST CALL,LAATSTE KANS,DERNIER APPEL,LETZTE CHANCE,ÚLTIMA LLAMADA,ULTIMA CHIAMATA,,
winback-02-low,h1,winback-02-low | main headline,15%,Your 15% is about to go,Je 15% loopt bijna af,Vos 15% touchent à leur fin,Ihre 15% laufen gleich aus,Tu 15% está a punto de irse,Il tuo 15% sta per scadere,,
winback-02-low,sub,winback-02-low | line under the headline,,"Whatever you were thinking of printing, this is the cheapest moment to do it.","Wat je ook van plan was te laten drukken, dit is het goedkoopste moment.","Quoi que vous envisagiez d'imprimer, c'est le moment le moins cher pour le faire.",Was Sie auch drucken wollten: Jetzt ist der günstigste Moment dafür.,"Sea lo que sea que pensabas imprimir, este es el momento más barato para hacerlo.","Qualunque cosa pensassi di stampare, questo è il momento più economico per farlo.",,
winback-03-high,cta,winback-03-high | button,,Start your next order,Begin je volgende bestelling,Lancez votre prochaine commande,Starten Sie Ihre nächste Bestellung,Empieza tu próximo pedido,Inizia il tuo prossimo ordine,,
winback-03-high,eyebrow,winback-03-high | small green line above the headline,15%,15% OFF YOUR NEXT ORDER,15% KORTING OP JE VOLGENDE BESTELLING,15% DE REMISE SUR VOTRE PROCHAINE COMMANDE,15% RABATT AUF IHRE NÄCHSTE BESTELLUNG,15% DE DESCUENTO EN TU PRÓXIMO PEDIDO,15% DI SCONTO SUL PROSSIMO ORDINE,,
winback-03-high,h1,winback-03-high | main headline,,"A reason to come back, if you needed one","Een reden om terug te komen, mocht je er een nodig hebben","Une raison de revenir, s'il vous en fallait une","Ein Grund zurückzukommen, falls Sie einen brauchten","Un motivo para volver, por si hacía falta","Un motivo per tornare, se ne serviva uno",,
winback-03-high,hero_alt,winback-03-high | hero_alt,,A folded leaflet standing on a wooden sideboard,Een gevouwen folder op een houten dressoir,Un dépliant posé sur un buffet en bois,Ein Falzflyer auf einer Holzkommode,Un díptico apoyado en un aparador de madera,Un pieghevole appoggiato su una credenza di legno,,
winback-03-high,sub,winback-03-high | line under the headline,15%,It has been a few months. The code below takes 15% off whatever you print next.,Het is een paar maanden geleden. De code hieronder haalt 15% van je volgende drukwerk af.,Cela fait quelques mois. Le code ci-dessous enlève 15% sur votre prochaine impression.,"Es ist ein paar Monate her. Der Code unten nimmt 15% von dem, was Sie als Nächstes drucken.",Han pasado unos meses. El código de abajo quita un 15% de lo próximo que imprimas.,Sono passati alcuni mesi. Il codice qui sotto toglie il 15% da quello che stamperai.,,
